Time,Extension,Load
(s),(mm),(N)
"0.00000","0.00000","0.04450"
"0.05000","-0.00195","-0.06668"
"0.10000","-0.01270","0.01354"
"0.15000","-0.03109","0.03039"
"0.20000","-0.04989","0.01658"
"0.25000","-0.06673","0.03642"
"0.30000","-0.08328","0.00408"
"0.35000","-0.10018","0.00918"
"0.40000","-0.11672","0.01633"
"0.45000","-0.13340","0.00548"
"0.50000","-0.15006","0.01816"
"0.55000","-0.16698","0.01613"
"0.60000","-0.18347","0.01363"
"0.65000","-0.20018","0.03449"
"0.70000","-0.21696","0.03140"
"0.75000","-0.23363","0.01743"
"0.80000","-0.25016","0.02959"
"0.85000","-0.26684","0.01513"
"0.90000","-0.28356","0.01042"
"0.95000","-0.30015","0.02423"
"1.00000","-0.31677","0.01757"
"1.05000","-0.33347","0.01907"
"1.10000","-0.35033","0.02835"
"1.15000","-0.36694","0.01010"
"1.20000","-0.38357","0.03149"
"1.25000","-0.40034","0.02652"
"1.30000","-0.41704","0.03260"
"1.35000","-0.43353","0.02757"
"1.40000","-0.45018","0.02374"
"1.45000","-0.46680","0.02924"
"1.50000","-0.48362","0.03412"
"1.55000","-0.50009","0.00810"
"1.60000","-0.51683","0.03009"
"1.65000","-0.53354","0.01798"
"1.70000","-0.55041","0.02952"
"1.75000","-0.56685","0.02422"
"1.80000","-0.58367","0.02838"
"1.85000","-0.60022","0.02701"
"1.90000","-0.61699","0.03243"
"1.95000","-0.63331","0.02438"
"2.00000","-0.65028","0.01996"
"2.05000","-0.66682","0.02348"
"2.10000","-0.68356","0.02098"
"2.15000","-0.70002","0.01136"
"2.20000","-0.71702","0.02988"
"2.25000","-0.73367","0.01157"
"2.30000","-0.75035","0.01902"
"2.35000","-0.76674","0.02533"
"2.40000","-0.78361","0.02340"
"2.45000","-0.80015","0.00815"
"2.50000","-0.81675","0.01440"
"2.55000","-0.83340","0.00904"
"2.60000","-0.85035","0.00809"
"2.65000","-0.86686","0.01735"
"2.70000","-0.88352","0.01803"
"2.75000","-0.90032","0.01120"
"2.80000","-0.91706","0.01600"
"2.85000","-0.93359","0.01834"
"2.90000","-0.95014","0.01718"
"2.95000","-0.96687","0.02077"
"3.00000","-0.98351","0.01981"
"3.05000","-1.00012","0.01379"
"3.10000","-1.01673","0.01510"
"3.15000","-1.03363","0.01746"
"3.20000","-1.05031","0.02215"
"3.25000","-1.06689","0.02508"
"3.30000","-1.08359","0.01426"
"3.35000","-1.10040","0.02248"
"3.40000","-1.11692","0.01327"
"3.45000","-1.13347","0.02709"
"3.50000","-1.15008","0.01576"
"3.55000","-1.16692","0.01056"
"3.60000","-1.18346","0.01936"
"3.65000","-1.20016","0.01477"
"3.70000","-1.21685","-0.00062"
"3.75000","-1.23377","-0.01272"
"3.80000","-1.25019","-0.02197"
"3.85000","-1.26697","-0.01362"
"3.90000","-1.28356","-0.03386"
"3.95000","-1.30034","-0.02088"
"4.00000","-1.31661","-0.03419"
"4.05000","-1.33346","-0.03920"
"4.10000","-1.35011","-0.05458"
"4.15000","-1.36691","-0.06954"
"4.20000","-1.38331","-0.08564"
"4.25000","-1.40025","-0.08315"
"4.30000","-1.41705","-0.09937"
"4.35000","-1.43375","-0.08550"
"4.40000","-1.45012","-0.10931"
"4.45000","-1.46690","-0.10206"
"4.50000","-1.48348","-0.10025"
"4.55000","-1.50009","-0.10265"
"4.60000","-1.51675","-0.10072"
"4.65000","-1.53367","-0.10643"
"4.70000","-1.55026","-0.11344"
"4.75000","-1.56688","-0.11739"
"4.80000","-1.58364","-0.12613"
"4.85000","-1.60038","-0.11737"
"4.90000","-1.61692","-0.12809"
"4.95000","-1.63342","-0.13638"
"5.00000","-1.65014","-0.13474"
"5.05000","-1.66678","-0.14030"
"5.10000","-1.68348","-0.13781"
"5.15000","-1.70005","-0.13849"
"5.20000","-1.71692","-0.12783"
"5.25000","-1.73363","-0.13502"
"5.30000","-1.75029","-0.13953"
"5.35000","-1.76695","-0.13486"
"5.40000","-1.78374","-0.13852"
"5.45000","-1.80028","-0.14995"
"5.50000","-1.81687","-0.14953"
"5.55000","-1.83342","-0.16498"
"5.60000","-1.85027","-0.14911"
"5.65000","-1.86682","-0.15986"
"5.70000","-1.88348","-0.15688"
"5.75000","-1.90020","-0.15807"
"5.80000","-1.91711","-0.16346"
"5.85000","-1.93353","-0.15934"
"5.90000","-1.95024","-0.17118"
"5.95000","-1.96679","-0.16742"
"6.00000","-1.98364","-0.17293"
"6.05000","-1.99996","-0.19521"
"6.10000","-2.01683","-0.18750"
"6.15000","-2.03348","-0.20449"
"6.20000","-2.05032","-0.19391"
"6.25000","-2.06673","-0.20424"
"6.30000","-2.08361","-0.20500"
"6.35000","-2.10036","-0.20715"
"6.40000","-2.11708","-0.21285"
"6.45000","-2.13342","-0.22158"
"6.50000","-2.15023","-0.22321"
"6.55000","-2.16691","-0.22662"
"6.60000","-2.18351","-0.22209"
"6.65000","-2.20003","-0.24678"
"6.70000","-2.21693","-0.22969"
"6.75000","-2.23356","-0.23589"
"6.80000","-2.25018","-0.24040"
"6.85000","-2.26689","-0.23876"
"6.90000","-2.28368","-0.23461"
"6.95000","-2.30028","-0.23707"
"7.00000","-2.31677","-0.24363"
"7.05000","-2.33345","-0.24598"
"7.10000","-2.35022","-0.25282"
"7.15000","-2.36692","-0.25292"
"7.20000","-2.38339","-0.25647"
"7.25000","-2.40028","-0.25743"
"7.30000","-2.41704","-0.25983"
"7.35000","-2.43372","-0.26433"
"7.40000","-2.45022","-0.26631"
"7.45000","-2.46697","-0.26392"
"7.50000","-2.48357","-0.27036"
"7.55000","-2.50018","-0.27465"
"7.60000","-2.51670","-0.28137"
"7.65000","-2.53361","-0.28404"
"7.70000","-2.55021","-0.28818"
"7.75000","-2.56687","-0.29076"
"7.80000","-2.58343","-0.27887"
"7.85000","-2.60046","-0.28481"
"7.90000","-2.61694","-0.29258"
"7.95000","-2.63357","-0.27888"
"8.00000","-2.65015","-0.29494"
"8.05000","-2.66697","-0.29348"
"8.10000","-2.68333","-0.30767"
"8.15000","-2.70011","-0.31636"
"8.20000","-2.71680","-0.31902"
"8.25000","-2.73365","-0.31741"
"8.30000","-2.75008","-0.32072"
"8.35000","-2.76689","-0.32208"
"8.40000","-2.78373","-0.30881"
"8.45000","-2.80048","-0.31281"
"8.50000","-2.81672","-0.31995"
"8.55000","-2.83348","-0.30961"
"8.60000","-2.85017","-0.31214"
"8.65000","-2.86683","-0.31108"
"8.70000","-2.88334","-0.32247"
"8.75000","-2.90030","-0.31400"
"8.80000","-2.91699","-0.31609"
"8.85000","-2.93361","-0.32276"
"8.90000","-2.95025","-0.30108"
"8.95000","-2.96701","-0.31216"
"9.00000","-2.98366","-0.30380"
"9.05000","-3.00021","-0.30313"
"9.10000","-3.01677","-0.30228"
"9.15000","-3.03350","-0.30611"
"9.20000","-3.05024","-0.30847"
"9.25000","-3.06672","-0.30680"
"9.30000","-3.08352","-0.31228"
"9.35000","-3.10033","-0.30149"
"9.40000","-3.11708","-0.30735"
"9.45000","-3.13353","-0.29731"
"9.50000","-3.15026","-0.30600"
"9.55000","-3.16691","-0.30648"
"9.60000","-3.18358","-0.30975"
"9.65000","-3.20002","-0.31789"
"9.70000","-3.21691","-0.31922"
"9.75000","-3.23350","-0.31053"
"9.80000","-3.25019","-0.31326"
"9.85000","-3.26676","-0.32258"
"9.90000","-3.28377","-0.31004"
"9.95000","-3.30026","-0.32013"
"10.00000","-3.31692","-0.31382"
"10.05000","-3.33345","-0.32403"
"10.10000","-3.35031","-0.31758"
"10.15000","-3.36675","-0.32960"
"10.20000","-3.38345","-0.33283"
"10.25000","-3.40010","-0.32438"
"10.30000","-3.41698","-0.32900"
"10.35000","-3.43345","-0.33802"
"10.40000","-3.45018","-0.33244"
"10.45000","-3.46702","-0.34312"
"10.50000","-3.48379","-0.33265"
"10.55000","-3.50014","-0.33989"
"10.60000","-3.51677","-0.34066"
"10.65000","-3.53353","-0.34484"
"10.70000","-3.55022","-0.34532"
"10.75000","-3.56675","-0.34208"
"10.80000","-3.58358","-0.32757"
"10.85000","-3.60029","-0.33194"
"10.90000","-3.61695","-0.33603"
"10.95000","-3.63355","-0.33059"
"11.00000","-3.65030","-0.33930"
"11.05000","-3.66699","-0.34054"
"11.10000","-3.68351","-0.33728"
"11.15000","-3.70008","-0.34741"
"11.20000","-3.71676","-0.35369"
"11.25000","-3.73359","-0.34159"
"11.30000","-3.75007","-0.35046"
"11.35000","-3.76685","-0.35011"
"11.40000","-3.78366","-0.35040"
"11.45000","-3.80044","-0.35035"
"11.50000","-3.81686","-0.35469"
"11.55000","-3.83359","-0.34780"
"11.60000","-3.85029","-0.34362"
"11.65000","-3.86692","-0.34988"
"11.70000","-3.88330","-0.35741"
"11.75000","-3.90023","-0.34729"
"11.80000","-3.91691","-0.35754"
"11.85000","-3.93359","-0.36100"
"11.90000","-3.95008","-0.35900"
"11.95000","-3.96709","-0.34982"
"12.00000","-3.98363","-0.36494"
"12.05000","-4.00026","-0.35280"
"12.10000","-4.01671","-0.36174"
"12.15000","-4.03360","-0.35272"
"12.20000","-4.05007","-0.36662"
"12.25000","-4.06677","-0.34905"
"12.30000","-4.08339","-0.34686"
"12.35000","-4.10034","-0.35576"
"12.40000","-4.11682","-0.34631"
"12.45000","-4.13352","-0.35144"
"12.50000","-4.15032","-0.35466"
"12.55000","-4.16713","-0.34792"
"12.60000","-4.18353","-0.35057"
"12.65000","-4.20005","-0.34912"
"12.70000","-4.21686","-0.35821"
"12.75000","-4.23354","-0.34557"
"12.80000","-4.25007","-0.34955"
"12.85000","-4.26682","-0.35130"
"12.90000","-4.28361","-0.34490"
"12.95000","-4.30030","-0.34795"
"13.00000","-4.31692","-0.34269"
"13.05000","-4.33358","-0.35365"
"13.10000","-4.35035","-0.35957"
"13.15000","-4.36689","-0.36502"
"13.20000","-4.38340","-0.37419"
"13.25000","-4.40006","-0.35755"
"13.30000","-4.41694","-0.36066"
"13.35000","-4.43348","-0.36349"
"13.40000","-4.45015","-0.35853"
"13.45000","-4.46699","-0.35774"
"13.50000","-4.48379","-0.35797"
"13.55000","-4.50026","-0.37434"
"13.60000","-4.51692","-0.37512"
"13.65000","-4.53363","-0.36622"
"13.70000","-4.55034","-0.38172"
"13.75000","-4.56664","-0.37502"
"13.80000","-4.58346","-0.38216"
"13.85000","-4.60018","-0.37917"
"13.90000","-4.61689","-0.37337"
"13.95000","-4.63337","-0.37929"
"14.00000","-4.65040","-0.37063"
"14.05000","-4.66697","-0.38997"
"14.10000","-4.68366","-0.37575"
"14.15000","-4.70004","-0.38955"
"14.20000","-4.71696","-0.39274"
"14.25000","-4.73349","-0.39002"
"14.30000","-4.75014","-0.39801"
"14.35000","-4.76667","-0.40235"
"14.40000","-4.78365","-0.39650"
"14.45000","-4.80024","-0.40382"
"14.50000","-4.81682","-0.40111"
"14.55000","-4.83358","-0.40734"
"14.60000","-4.85045","-0.39053"
"14.65000","-4.86687","-0.40314"
"14.70000","-4.88337","-0.41015"
"14.75000","-4.90013","-0.40070"
"14.80000","-4.91691","-0.41734"
"14.85000","-4.93345","-0.40516"
"14.90000","-4.95011","-0.41237"
"14.95000","-4.96695","-0.41460"
"15.00000","-4.98372","-0.41099"
"15.05000","-5.00030","-0.41850"
"15.10000","-5.01688","-0.40785"
"15.15000","-5.03373","-0.41775"
"15.20000","-5.05027","-0.43219"
"15.25000","-5.06676","-0.41719"
"15.30000","-5.08338","-0.43114"
"15.35000","-5.10039","-0.42387"
"15.40000","-5.11691","-0.43645"
"15.45000","-5.13351","-0.43485"
"15.50000","-5.15027","-0.43098"
"15.55000","-5.16716","-0.44298"
"15.60000","-5.18360","-0.43024"
"15.65000","-5.20014","-0.44304"
"15.70000","-5.21684","-0.44779"
"15.75000","-5.23360","-0.43328"
"15.80000","-5.25003","-0.45667"
"15.85000","-5.26679","-0.44077"
"15.90000","-5.28350","-0.44685"
"15.95000","-5.30026","-0.44386"
"16.00000","-5.31674","-0.45436"
"16.05000","-5.33367","-0.45443"
"16.10000","-5.35034","-0.45410"
"16.15000","-5.36698","-0.46666"
"16.20000","-5.38338","-0.45479"
"16.25000","-5.40022","-0.44735"
"16.30000","-5.41683","-0.45742"
"16.35000","-5.43350","-0.44457"
"16.40000","-5.45003","-0.44967"
"16.45000","-5.46698","-0.45627"
"16.50000","-5.48363","-0.45118"
"16.55000","-5.50021","-0.46243"
"16.60000","-5.51681","-0.45772"
"16.65000","-5.53354","-0.46339"
"16.70000","-5.55009","-0.46651"
"16.75000","-5.56670","-0.45835"
"16.80000","-5.58344","-0.47118"
"16.85000","-5.60022","-0.46262"
"16.90000","-5.61686","-0.47451"
"16.95000","-5.63351","-0.47183"
"17.00000","-5.65020","-0.47322"
"17.05000","-5.66694","-0.47581"
"17.10000","-5.68365","-0.46916"
"17.15000","-5.70020","-0.48385"
"17.20000","-5.71702","-0.48406"
"17.25000","-5.73357","-0.47959"
"17.30000","-5.75010","-0.48811"
"17.35000","-5.76664","-0.48568"
"17.40000","-5.78364","-0.49519"
"17.45000","-5.80013","-0.48621"
"17.50000","-5.81678","-0.49526"
"17.55000","-5.83355","-0.49441"
"17.60000","-5.85047","-0.48519"
"17.65000","-5.86692","-0.49638"
"17.70000","-5.88352","-0.50082"
"17.75000","-5.90022","-0.50540"
"17.80000","-5.91701","-0.51050"
"17.85000","-5.93338","-0.50803"
"17.90000","-5.95008","-0.51609"
"17.95000","-5.96686","-0.51526"
"18.00000","-5.98365","-0.51615"
"18.05000","-6.00010","-0.51339"
"18.10000","-6.01696","-0.51120"
"18.15000","-6.03372","-0.51998"
"18.20000","-6.05037","-0.50911"
"18.25000","-6.06668","-0.53115"
"18.30000","-6.08355","-0.51500"
"18.35000","-6.10011","-0.52156"
"18.40000","-6.11686","-0.51381"
"18.45000","-6.13333","-0.51916"
"18.50000","-6.15031","-0.51432"
"18.55000","-6.16698","-0.52052"
"18.60000","-6.18361","-0.51719"
"18.65000","-6.20024","-0.51956"
"18.70000","-6.21708","-0.52656"
"18.75000","-6.23357","-0.53442"
"18.80000","-6.25005","-0.52197"
"18.85000","-6.26676","-0.52626"
"18.90000","-6.28358","-0.52413"
"18.95000","-6.30026","-0.51396"
"19.00000","-6.31680","-0.51784"
"19.05000","-6.33352","-0.52000"
"19.10000","-6.35033","-0.52324"
"19.15000","-6.36705","-0.52691"
"19.20000","-6.38349","-0.53415"
"19.25000","-6.40033","-0.52880"
"19.30000","-6.41693","-0.54384"
"19.35000","-6.43349","-0.53644"
"19.40000","-6.44994","-0.54618"
"19.45000","-6.46694","-0.53469"
"19.50000","-6.48355","-0.54300"
"19.55000","-6.50021","-0.54235"
"19.60000","-6.51689","-0.53253"
"19.65000","-6.53377","-0.52514"
"19.70000","-6.55029","-0.49405"
"19.75000","-6.56685","-0.46646"
"19.80000","-6.58348","-0.46703"
"19.85000","-6.60025","-0.46279"
"19.90000","-6.61669","-0.47170"
"19.95000","-6.63341","-0.45417"
"20.00000","-6.65013","-0.46231"
"20.05000","-6.66693","-0.45834"
"20.10000","-6.68344","-0.46032"
"20.15000","-6.70030","-0.46750"
"20.20000","-6.71697","-0.46017"
"20.25000","-6.73365","-0.45957"
"20.30000","-6.75009","-0.45711"
"20.35000","-6.76684","-0.46093"
"20.40000","-6.78342","-0.45808"
"20.45000","-6.80023","-0.45614"
"20.50000","-6.81669","-0.46472"
"20.55000","-6.83356","-0.46503"
"20.60000","-6.85025","-0.46075"
"20.65000","-6.86694","-0.47461"
"20.70000","-6.88358","-0.47869"
"20.75000","-6.90041","-0.46814"
"20.80000","-6.91698","-0.48635"
"20.85000","-6.93347","-0.48167"
"20.90000","-6.95005","-0.48792"
"20.95000","-6.96687","-0.47443"
"21.00000","-6.98359","-0.48128"
"21.05000","-7.00016","-0.48699"
"21.10000","-7.01682","-0.48673"
"21.15000","-7.03364","-0.49159"
"21.20000","-7.05043","-0.48434"
"21.25000","-7.06684","-0.48600"
"21.30000","-7.08363","-0.49198"
"21.35000","-7.10027","-0.48247"
"21.40000","-7.11684","-0.48106"
"21.45000","-7.13325","-0.47910"
"21.50000","-7.15027","-0.47347"
"21.55000","-7.16690","-0.47455"
"21.60000","-7.18359","-0.46612"
"21.65000","-7.20015","-0.47384"
"21.70000","-7.21711","-0.46246"
"21.75000","-7.23367","-0.47387"
"21.80000","-7.25019","-0.46283"
"21.85000","-7.26677","-0.46488"
"21.90000","-7.28367","-0.45348"
"21.95000","-7.30010","-0.45036"
"22.00000","-7.31674","-0.45746"
"22.05000","-7.33340","-0.45748"
"22.10000","-7.35030","-0.44635"
"22.15000","-7.36688","-0.46089"
"22.20000","-7.38365","-0.44754"
"22.25000","-7.40030","-0.45806"
"22.30000","-7.41705","-0.46065"
"22.35000","-7.43346","-0.47066"
"22.40000","-7.45018","-0.46112"
"22.45000","-7.46680","-0.46681"
"22.50000","-7.48358","-0.47241"
"22.55000","-7.50004","-0.46671"
"22.60000","-7.51681","-0.46530"
"22.65000","-7.53358","-0.47173"
"22.70000","-7.55033","-0.46811"
"22.75000","-7.56691","-0.47743"
"22.80000","-7.58367","-0.46692"
"22.85000","-7.60029","-0.47035"
"22.90000","-7.61683","-0.47728"
"22.95000","-7.63338","-0.47013"
"23.00000","-7.65018","-0.47519"
"23.05000","-7.66695","-0.47624"
"23.10000","-7.68353","-0.47592"
"23.15000","-7.70011","-0.47672"
"23.20000","-7.71696","-0.48261"
"23.25000","-7.73383","-0.48502"
"23.30000","-7.75020","-0.48294"
"23.35000","-7.76693","-0.47893"
"23.40000","-7.78357","-0.48841"
"23.45000","-7.80021","-0.47012"
"23.50000","-7.81656","-0.48572"
"23.55000","-7.83353","-0.45809"
"23.60000","-7.85020","-0.47380"
"23.65000","-7.86694","-0.47276"
"23.70000","-7.88343","-0.47319"
"23.75000","-7.90036","-0.48053"
"23.80000","-7.91700","-0.48156"
"23.85000","-7.93360","-0.48657"
"23.90000","-7.95008","-0.48423"
"23.95000","-7.96694","-0.48733"
"24.00000","-7.98348","-0.49421"
"24.05000","-8.00013","-0.48693"
"24.10000","-8.01672","-0.49024"
"24.15000","-8.03363","-0.48832"
"24.20000","-8.05025","-0.48915"
"24.25000","-8.06697","-0.48746"
"24.30000","-8.08355","-0.49579"
"24.35000","-8.10033","-0.49229"
"24.40000","-8.11682","-0.50419"
"24.45000","-8.13339","-0.49341"
"24.50000","-8.15009","-0.49949"
"24.55000","-8.16698","-0.48601"
"24.60000","-8.18342","-0.49772"
"24.65000","-8.20013","-0.49797"
"24.70000","-8.21692","-0.49985"
"24.75000","-8.23366","-0.50685"
"24.80000","-8.25031","-0.50703"
"24.85000","-8.26695","-0.51214"
"24.90000","-8.28367","-0.51087"
"24.95000","-8.30022","-0.51763"
"25.00000","-8.31673","-0.51337"
"25.05000","-8.33347","-0.51483"
"25.10000","-8.35032","-0.50948"
"25.15000","-8.36687","-0.51991"
"25.20000","-8.38346","-0.52298"
"25.25000","-8.40030","-0.52137"
"25.30000","-8.41717","-0.52884"
"25.35000","-8.43355","-0.52511"
"25.40000","-8.45021","-0.53522"
"25.45000","-8.46685","-0.53323"
"25.50000","-8.48357","-0.52224"
"25.55000","-8.49995","-0.52738"
"25.60000","-8.51686","-0.51976"
"25.65000","-8.53360","-0.53718"
"25.70000","-8.55035","-0.52767"
"25.75000","-8.56678","-0.53635"
"25.80000","-8.58370","-0.53345"
"25.85000","-8.60036","-0.52945"
"25.90000","-8.61699","-0.53509"
"25.95000","-8.63342","-0.52645"
"26.00000","-8.65026","-0.52904"
"26.05000","-8.66682","-0.52279"
"26.10000","-8.68350","-0.52964"
"26.15000","-8.70003","-0.52406"
"26.20000","-8.71690","-0.51765"
"26.25000","-8.73356","-0.52205"
"26.30000","-8.75033","-0.50898"
"26.35000","-8.76686","-0.51609"
"26.40000","-8.78368","-0.50621"
"26.45000","-8.80022","-0.50708"
"26.50000","-8.81681","-0.51828"
"26.55000","-8.83341","-0.51405"
"26.60000","-8.85028","-0.51099"
"26.65000","-8.86680","-0.50504"
"26.70000","-8.88347","-0.49422"
"26.75000","-8.90023","-0.50137"
"26.80000","-8.91700","-0.50198"
"26.85000","-8.93368","-0.50236"
"26.90000","-8.95026","-0.51096"
"26.95000","-8.96697","-0.50154"
"27.00000","-8.98355","-0.51694"
"27.05000","-9.00011","-0.52077"
"27.10000","-9.01670","-0.51742"
"27.15000","-9.03357","-0.53390"
"27.20000","-9.05022","-0.51515"
"27.25000","-9.06686","-0.52877"
"27.30000","-9.08357","-0.51901"
"27.35000","-9.10049","-0.52248"
"27.40000","-9.11694","-0.52776"
"27.45000","-9.13356","-0.52825"
"27.50000","-9.15016","-0.53896"
"27.55000","-9.16690","-0.52535"
"27.60000","-9.18331","-0.52964"
"27.65000","-9.20014","-0.52716"
"27.70000","-9.21687","-0.52412"
"27.75000","-9.23366","-0.52476"
"27.80000","-9.25014","-0.51658"
"27.85000","-9.26699","-0.52083"
"27.90000","-9.28366","-0.52101"
"27.95000","-9.30036","-0.51179"
"28.00000","-9.31673","-0.52268"
"28.05000","-9.33353","-0.50465"
"28.10000","-9.35017","-0.50693"
"28.15000","-9.36687","-0.50332"
"28.20000","-9.38330","-0.49874"
"28.25000","-9.40021","-0.50496"
"28.30000","-9.41701","-0.49706"
"28.35000","-9.43370","-0.50290"
"28.40000","-9.45016","-0.49967"
"28.45000","-9.46699","-0.50294"
"28.50000","-9.48363","-0.50664"
"28.55000","-9.50021","-0.50001"
"28.60000","-9.51671","-0.50462"
"28.65000","-9.53358","-0.49453"
"28.70000","-9.55016","-0.49387"
"28.75000","-9.56678","-0.47928"
"28.80000","-9.58353","-0.48706"
"28.85000","-9.60032","-0.48469"
"28.90000","-9.61703","-0.48414"
"28.95000","-9.63355","-0.48695"
"29.00000","-9.65027","-0.48117"
"29.05000","-9.66691","-0.49769"
"29.10000","-9.68350","-0.49208"
"29.15000","-9.70004","-0.50503"
"29.20000","-9.71694","-0.49886"
"29.25000","-9.73361","-0.49876"
"29.30000","-9.75017","-0.50226"
"29.35000","-9.76684","-0.50684"
"29.40000","-9.78378","-0.51311"
"29.45000","-9.80023","-0.50584"
"29.50000","-9.81686","-0.52401"
"29.55000","-9.83348","-0.51876"
"29.60000","-9.85026","-0.51533"
"29.65000","-9.86671","-0.52341"
"29.70000","-9.88346","-0.52012"
"29.75000","-9.90007","-0.52776"
"29.80000","-9.91700","-0.52887"
"29.85000","-9.93351","-0.53054"
"29.90000","-9.95031","-0.52984"
"29.95000","-9.96697","-0.52661"
"30.00000","-9.98375","-0.53673"
"30.05000","-10.00011","-0.53934"
"30.10000","-10.01685","-0.53663"
"30.15000","-10.03346","-0.53866"
"30.20000","-10.05024","-0.52953"
"30.25000","-10.06669","-0.52989"
"30.30000","-10.08351","-0.53524"
"30.35000","-10.10027","-0.53994"
"30.40000","-10.11705","-0.54043"
"30.45000","-10.13350","-0.54254"
"30.50000","-10.15032","-0.55507"
"30.55000","-10.16698","-0.54612"
"30.60000","-10.18353","-0.55914"
"30.65000","-10.19999","-0.55218"
"30.70000","-10.21686","-0.54208"
"30.75000","-10.23354","-0.55228"
"30.80000","-10.25015","-0.54111"
"30.85000","-10.26682","-0.54620"
"30.90000","-10.28369","-0.55070"
"30.95000","-10.30042","-0.54282"
"31.00000","-10.31688","-0.55224"
"31.05000","-10.33352","-0.54450"
"31.10000","-10.35024","-0.55277"
"31.15000","-10.36686","-0.54605"
"31.20000","-10.38336","-0.54598"
"31.25000","-10.40024","-0.54053"
"31.30000","-10.41696","-0.53249"
"31.35000","-10.43363","-0.54178"
"31.40000","-10.45014","-0.53971"
"31.45000","-10.46705","-0.53891"
"31.50000","-10.48362","-0.55075"
"31.55000","-10.50026","-0.53953"
"31.60000","-10.51671","-0.55202"
"31.65000","-10.53359","-0.55141"
"31.70000","-10.55010","-0.54203"
"31.75000","-10.56682","-0.54172"
"31.80000","-10.58342","-0.54082"
"31.85000","-10.60037","-0.53284"
"31.90000","-10.61689","-0.54013"
"31.95000","-10.63359","-0.53032"
"32.00000","-10.65028","-0.54394"
"32.05000","-10.66704","-0.53742"
"32.10000","-10.68345","-0.54777"
"32.15000","-10.70019","-0.54600"
"32.20000","-10.71677","-0.54263"
"32.25000","-10.73356","-0.53940"
"32.30000","-10.75002","-0.53937"
"32.35000","-10.76679","-0.53485"
"32.40000","-10.78355","-0.53750"
"32.45000","-10.80039","-0.52509"
"32.50000","-10.81680","-0.53408"
"32.55000","-10.83357","-0.53177"
"32.60000","-10.85021","-0.52951"
"32.65000","-10.86687","-0.53277"
"32.70000","-10.88338","-0.53136"
"32.75000","-10.90018","-0.53356"
"32.80000","-10.91689","-0.52611"
"32.85000","-10.93350","-0.53051"
"32.90000","-10.95014","-0.53337"
"32.95000","-10.96701","-0.52193"
"33.00000","-10.98382","-0.52748"
"33.05000","-11.00024","-0.52791"
"33.10000","-11.01685","-0.52441"
"33.15000","-11.03356","-0.52858"
"33.20000","-11.05023","-0.52890"
"33.25000","-11.06668","-0.52534"
"33.30000","-11.08354","-0.52089"
"33.35000","-11.10033","-0.53169"
"33.40000","-11.11699","-0.52352"
"33.45000","-11.13344","-0.53025"
"33.50000","-11.15040","-0.52772"
"33.55000","-11.16697","-0.53246"
"33.60000","-11.18363","-0.52154"
"33.65000","-11.19998","-0.54079"
"33.70000","-11.21686","-0.53202"
"33.75000","-11.23345","-0.53479"
"33.80000","-11.25018","-0.52830"
"33.85000","-11.26670","-0.53744"
"33.90000","-11.28374","-0.53132"
"33.95000","-11.30027","-0.53849"
"34.00000","-11.31695","-0.52656"
"34.05000","-11.33356","-0.54305"
"34.10000","-11.35037","-0.53534"
"34.15000","-11.36685","-0.54764"
"34.20000","-11.38344","-0.54756"
"34.25000","-11.40003","-0.54889"
"34.30000","-11.41695","-0.54735"
"34.35000","-11.43341","-0.55118"
"34.40000","-11.45011","-0.55141"
"34.45000","-11.46690","-0.55300"
"34.50000","-11.48377","-0.55675"
"34.55000","-11.50020","-0.55395"
"34.60000","-11.51682","-0.55014"
"34.65000","-11.53357","-0.54339"
"34.70000","-11.55025","-0.55110"
"34.75000","-11.56667","-0.54857"
"34.80000","-11.58352","-0.55179"
"34.85000","-11.60025","-0.54187"
"34.90000","-11.61685","-0.54460"
"34.95000","-11.63342","-0.54516"
"35.00000","-11.65026","-0.55383"
"35.05000","-11.66712","-0.55153"
"35.10000","-11.68358","-0.55802"
"35.15000","-11.70010","-0.55943"
"35.20000","-11.71683","-0.54934"
"35.25000","-11.73357","-0.55353"
"35.30000","-11.75003","-0.53700"
"35.35000","-11.76689","-0.54250"
"35.40000","-11.78362","-0.55178"
"35.45000","-11.80032","-0.54026"
"35.50000","-11.81677","-0.55760"
"35.55000","-11.83370","-0.55447"
"35.60000","-11.85030","-0.56360"
"35.65000","-11.86700","-0.56236"
"35.70000","-11.88335","-0.56858"
"35.75000","-11.90020","-0.56280"
"35.80000","-11.91678","-0.55927"
"35.85000","-11.93355","-0.56809"
"35.90000","-11.95000","-0.56655"
"35.95000","-11.96697","-0.56268"
"36.00000","-11.98355","-0.57074"
"36.05000","-12.00029","-0.56196"
"36.10000","-12.01682","-0.57669"
"36.15000","-12.03368","-0.58575"
"36.20000","-12.05023","-0.59407"
"36.25000","-12.06681","-0.59873"
"36.30000","-12.08336","-0.59504"
"36.35000","-12.10023","-0.60177"
"36.40000","-12.11681","-0.60040"
"36.45000","-12.13342","-0.59397"
"36.50000","-12.15024","-0.60821"
"36.55000","-12.16713","-0.59042"
"36.60000","-12.18359","-0.61626"
"36.65000","-12.20018","-0.60422"
"36.70000","-12.21689","-0.62453"
"36.75000","-12.23359","-0.62782"
"36.80000","-12.25005","-0.61950"
"36.85000","-12.26674","-0.63523"
"36.90000","-12.28355","-0.62478"
"36.95000","-12.30026","-0.62436"
"37.00000","-12.31679","-0.62705"
"37.05000","-12.33355","-0.62956"
"37.10000","-12.35046","-0.63893"
"37.15000","-12.36699","-0.62669"
"37.20000","-12.38351","-0.64166"
"37.25000","-12.40017","-0.63710"
"37.30000","-12.41696","-0.63307"
"37.35000","-12.43343","-0.65312"
"37.40000","-12.45019","-0.63420"
"37.45000","-12.46694","-0.64035"
"37.50000","-12.48370","-0.64136"
"37.55000","-12.50014","-0.64383"
"37.60000","-12.51702","-0.64062"
"37.65000","-12.53361","-0.64984"
"37.70000","-12.55040","-0.64090"
"37.75000","-12.56667","-0.64122"
"37.80000","-12.58347","-0.63389"
"37.85000","-12.60008","-0.63626"
"37.90000","-12.61691","-0.61719"
"37.95000","-12.63331","-0.62363"
"38.00000","-12.65033","-0.61191"
"38.05000","-12.66694","-0.61475"
"38.10000","-12.68371","-0.61310"
"38.15000","-12.70016","-0.62200"
"38.20000","-12.71698","-0.61235"
"38.25000","-12.73356","-0.61684"
"38.30000","-12.75020","-0.61510"
"38.35000","-12.76667","-0.60886"
"38.40000","-12.78362","-0.61043"
"38.45000","-12.80021","-0.61473"
"38.50000","-12.81680","-0.60846"
"38.55000","-12.83350","-0.60665"
"38.60000","-12.85038","-0.60678"
"38.65000","-12.86694","-0.60181"
"38.70000","-12.88343","-0.60891"
"38.75000","-12.90020","-0.59959"
"38.80000","-12.91693","-0.59205"
"38.85000","-12.93345","-0.59367"
"38.90000","-12.95003","-0.58434"
"38.95000","-12.96689","-0.58297"
"39.00000","-12.98363","-0.58118"
"39.05000","-13.00022","-0.58303"
"39.10000","-13.01689","-0.57743"
"39.15000","-13.03381","-0.58956"
"39.20000","-13.05040","-0.58597"
"39.25000","-13.06689","-0.59122"
"39.30000","-13.08344","-0.59549"
"39.35000","-13.10022","-0.59039"
"39.40000","-13.11672","-0.58708"
"39.45000","-13.13349","-0.57947"
"39.50000","-13.15024","-0.58475"
"39.55000","-13.16706","-0.57992"
"39.60000","-13.18352","-0.58442"
"39.65000","-13.20031","-0.59377"
"39.70000","-13.21691","-0.58845"
"39.75000","-13.23375","-0.59363"
"39.80000","-13.25006","-0.58586"
"39.85000","-13.26682","-0.58417"
"39.90000","-13.28340","-0.59189"
"39.95000","-13.30028","-0.58145"
"40.00000","-13.31666","-0.58966"
"40.05000","-13.33362","-0.57954"
"40.10000","-13.35028","-0.58421"
"40.15000","-13.36706","-0.58156"
"40.20000","-13.38344","-0.59304"
"40.25000","-13.40027","-0.59253"
"40.30000","-13.41690","-0.58576"
"40.35000","-13.43354","-0.59147"
"40.40000","-13.44996","-0.59461"
"40.45000","-13.46687","-0.58410"
"40.50000","-13.48350","-0.58980"
"40.55000","-13.50012","-0.57624"
"40.60000","-13.51682","-0.58354"
"40.65000","-13.53380","-0.57992"
"40.70000","-13.55038","-0.58680"
"40.75000","-13.56685","-0.58208"
"40.80000","-13.58348","-0.57683"
"40.85000","-13.60024","-0.58762"
"40.90000","-13.61680","-0.58438"
"40.95000","-13.63341","-0.57708"
"41.00000","-13.65022","-0.58647"
"41.05000","-13.66697","-0.58150"
"41.10000","-13.68360","-0.58307"
"41.15000","-13.70016","-0.58513"
"41.20000","-13.71710","-0.58757"
"41.25000","-13.73370","-0.59172"
"41.30000","-13.75021","-0.58050"
"41.35000","-13.76671","-0.59985"
"41.40000","-13.78359","-0.58389"
"41.45000","-13.80017","-0.58747"
"41.50000","-13.81685","-0.59376"
"41.55000","-13.83352","-0.58745"
"41.60000","-13.85034","-0.58885"
"41.65000","-13.86687","-0.58925"
"41.70000","-13.88366","-0.59539"
"41.75000","-13.90019","-0.59674"
"41.80000","-13.91704","-0.59083"
"41.85000","-13.93342","-0.60995"
"41.90000","-13.95012","-0.60211"
"41.95000","-13.96672","-0.59597"
"42.00000","-13.98368","-0.59116"
"42.05000","-14.00003","-0.60559"
"42.10000","-14.01689","-0.60396"
"42.15000","-14.03360","-0.60279"
"42.20000","-14.05043","-0.60615"
"42.25000","-14.06679","-0.60575"
"42.30000","-14.08360","-0.60695"
"42.35000","-14.10022","-0.61410"
"42.40000","-14.11687","-0.61037"
"42.45000","-14.13330","-0.60388"
"42.50000","-14.15022","-0.59933"
"42.55000","-14.16683","-0.60861"
"42.60000","-14.18349","-0.59384"
"42.65000","-14.20010","-0.59911"
"42.70000","-14.21710","-0.60585"
"42.75000","-14.23374","-0.59201"
"42.80000","-14.25021","-0.59698"
"42.85000","-14.26681","-0.59666"
"42.90000","-14.28356","-0.59001"
"42.95000","-14.30019","-0.59376"
"43.00000","-14.31668","-0.59524"
"43.05000","-14.33347","-0.58642"
"43.10000","-14.35030","-0.58628"
"43.15000","-14.36696","-0.59122"
"43.20000","-14.38347","-0.59185"
"43.25000","-14.40039","-0.59111"
"43.30000","-14.41701","-0.58744"
"43.35000","-14.43360","-0.58759"
"43.40000","-14.45002","-0.59110"
"43.45000","-14.46693","-0.57983"
"43.50000","-14.48354","-0.59756"
"43.55000","-14.50022","-0.58604"
"43.60000","-14.51677","-0.59452"
"43.65000","-14.53370","-0.58785"
"43.70000","-14.55025","-0.60715"
"43.75000","-14.56698","-0.60412"
"43.80000","-14.58353","-0.60370"
"43.85000","-14.60042","-0.59886"
"43.90000","-14.61675","-0.60863"
"43.95000","-14.63338","-0.60552"
"44.00000","-14.65005","-0.60552"
"44.05000","-14.66702","-0.60703"
"44.10000","-14.68340","-0.60550"
"44.15000","-14.70018","-0.61326"
"44.20000","-14.71690","-0.60602"
"44.25000","-14.73378","-0.61674"
"44.30000","-14.75013","-0.61206"
"44.35000","-14.76690","-0.62028"
"44.40000","-14.78356","-0.61947"
"44.45000","-14.80028","-0.61263"
"44.50000","-14.81662","-0.62397"
"44.55000","-14.83348","-0.61166"
"44.60000","-14.85019","-0.62343"
"44.65000","-14.86687","-0.61237"
"44.70000","-14.88342","-0.62074"
"44.75000","-14.90038","-0.61110"
"44.80000","-14.91705","-0.60995"
"44.85000","-14.93353","-0.61321"
"44.90000","-14.95014","-0.61324"
"44.95000","-14.96690","-0.60951"
"45.00000","-14.98353","-0.61051"
"45.05000","-15.00007","-0.61181"
"45.10000","-15.01680","-0.61216"
"45.15000","-15.03363","-0.61318"
"45.20000","-15.05033","-0.61852"
"45.25000","-15.06686","-0.61995"
"45.30000","-15.08373","-0.61766"
"45.35000","-15.10034","-0.62632"
"45.40000","-15.11698","-0.61486"
"45.45000","-15.13340","-0.62173"
"45.50000","-15.15027","-0.62472"
"45.55000","-15.16683","-0.61289"
"45.60000","-15.18357","-0.61301"
"45.65000","-15.20004","-0.61149"
"45.70000","-15.21702","-0.61647"
"45.75000","-15.23359","-0.61657"
"45.80000","-15.25035","-0.61546"
"45.85000","-15.26675","-0.62340"
"45.90000","-15.28373","-0.61602"
"45.95000","-15.30011","-0.62689"
"46.00000","-15.31672","-0.62997"
"46.05000","-15.33332","-0.62477"
"46.10000","-15.35036","-0.62141"
"46.15000","-15.36679","-0.63215"
"46.20000","-15.38351","-0.63523"
"46.25000","-15.40015","-0.64586"
"46.30000","-15.41710","-0.63864"
"46.35000","-15.43353","-0.64566"
"46.40000","-15.45018","-0.64150"
"46.45000","-15.46683","-0.64284"
"46.50000","-15.48361","-0.64231"
"46.55000","-15.49997","-0.64601"
"46.60000","-15.51675","-0.64631"
"46.65000","-15.53352","-0.63545"
"46.70000","-15.55021","-0.64959"
"46.75000","-15.56674","-0.64731"
"46.80000","-15.58367","-0.63927"
"46.85000","-15.60046","-0.65420"
"46.90000","-15.61690","-0.64501"
"46.95000","-15.63340","-0.65120"
"47.00000","-15.65018","-0.64743"
"47.05000","-15.66692","-0.64329"
"47.10000","-15.68345","-0.64005"
"47.15000","-15.70008","-0.64089"
"47.20000","-15.71697","-0.64732"
"47.25000","-15.73382","-0.64639"
"47.30000","-15.75026","-0.65350"
"47.35000","-15.76705","-0.65289"
"47.40000","-15.78370","-0.64952"
"47.45000","-15.80036","-0.65503"
"47.50000","-15.81668","-0.65403"
"47.55000","-15.83352","-0.64801"
"47.60000","-15.85018","-0.66146"
"47.65000","-15.86695","-0.65249"
"47.70000","-15.88343","-0.65924"
"47.75000","-15.90030","-0.65228"
"47.80000","-15.91700","-0.66000"
"47.85000","-15.93377","-0.65325"
"47.90000","-15.95011","-0.66412"
"47.95000","-15.96706","-0.66565"
"48.00000","-15.98347","-0.66813"
"48.05000","-16.00011","-0.66751"
"48.10000","-16.01666","-0.66550"
"48.15000","-16.03367","-0.67085"
"48.20000","-16.05012","-0.68215"
"48.25000","-16.06688","-0.67822"
"48.30000","-16.08354","-0.67474"
"48.35000","-16.10047","-0.67469"
"48.40000","-16.11683","-0.68385"
"48.45000","-16.13345","-0.67067"
"48.50000","-16.15004","-0.68461"
"48.55000","-16.16677","-0.67093"
"48.60000","-16.18324","-0.67257"
"48.65000","-16.20006","-0.66916"
"48.70000","-16.21685","-0.66789"
"48.75000","-16.23356","-0.66736"
"48.80000","-16.25016","-0.66661"
"48.85000","-16.26699","-0.67782"
"48.90000","-16.28371","-0.67525"
"48.95000","-16.30024","-0.67685"
"49.00000","-16.31682","-0.67854"
"49.05000","-16.33350","-0.67707"
"49.10000","-16.35023","-0.67224"
"49.15000","-16.36678","-0.67169"
"49.20000","-16.38344","-0.67776"
"49.25000","-16.40026","-0.67599"
"49.30000","-16.41704","-0.66756"
"49.35000","-16.43352","-0.67243"
"49.40000","-16.45033","-0.66938"
"49.45000","-16.46700","-0.66643"
"49.50000","-16.48365","-0.66872"
"49.55000","-16.50001","-0.67459"
"49.60000","-16.51681","-0.67329"
"49.65000","-16.53355","-0.67787"
"49.70000","-16.55038","-0.67054"
"49.75000","-16.56675","-0.67989"
"49.80000","-16.58364","-0.67610"
"49.85000","-16.60032","-0.68625"
"49.90000","-16.61711","-0.67838"
"49.95000","-16.63339","-0.68647"
"50.00000","-16.65041","-0.68138"
"50.05000","-16.66684","-0.68439"
"50.10000","-16.68342","-0.68294"
"50.15000","-16.69991","-0.69466"
"50.20000","-16.71696","-0.68457"
"50.25000","-16.73347","-0.70107"
"50.30000","-16.75022","-0.69526"
"50.35000","-16.76678","-0.70144"
"50.40000","-16.78380","-0.68587"
"50.45000","-16.80027","-0.68860"
"50.50000","-16.81686","-0.68913"
"50.55000","-16.83345","-0.68138"
"50.60000","-16.85028","-0.67327"
"50.65000","-16.86675","-0.67656"
"50.70000","-16.88340","-0.68692"
"50.75000","-16.90012","-0.68232"
"50.80000","-16.91689","-0.68120"
"50.85000","-16.93353","-0.67747"
"50.90000","-16.95028","-0.67473"
"50.95000","-16.96709","-0.67373"
"51.00000","-16.98363","-0.67787"
"51.05000","-17.00015","-0.66930"
"51.10000","-17.01679","-0.67892"
"51.15000","-17.03360","-0.68238"
"51.20000","-17.05018","-0.67935"
"51.25000","-17.06678","-0.68632"
"51.30000","-17.08352","-0.68111"
"51.35000","-17.10033","-0.68148"
"51.40000","-17.11692","-0.67774"
"51.45000","-17.13370","-0.68097"
"51.50000","-17.15032","-0.67516"
"51.55000","-17.16701","-0.67337"
"51.60000","-17.18337","-0.67544"
"51.65000","-17.20008","-0.66198"
"51.70000","-17.21680","-0.67006"
"51.75000","-17.23365","-0.66965"
"51.80000","-17.25009","-0.67496"
"51.85000","-17.26693","-0.66621"
"51.90000","-17.28358","-0.66951"
"51.95000","-17.30045","-0.67556"
"52.00000","-17.31673","-0.67841"
"52.05000","-17.33373","-0.67199"
"52.10000","-17.35010","-0.67731"
"52.15000","-17.36684","-0.66731"
"52.20000","-17.38325","-0.67573"
"52.25000","-17.40027","-0.66546"
"52.30000","-17.41678","-0.68322"
"52.35000","-17.43359","-0.67194"
"52.40000","-17.45007","-0.68696"
"52.45000","-17.46711","-0.67512"
"52.50000","-17.48360","-0.69132"
"52.55000","-17.50023","-0.67490"
"52.60000","-17.51679","-0.68498"
"52.65000","-17.53363","-0.67188"
"52.70000","-17.55013","-0.68052"
"52.75000","-17.56678","-0.66778"
"52.80000","-17.58346","-0.67183"
"52.85000","-17.60028","-0.67040"
"52.90000","-17.61695","-0.66643"
"52.95000","-17.63359","-0.66825"
"53.00000","-17.65036","-0.66136"
"53.05000","-17.66699","-0.66904"
"53.10000","-17.68352","-0.66610"
"53.15000","-17.70008","-0.66572"
"53.20000","-17.71694","-0.66423"
"53.25000","-17.73357","-0.66632"
"53.30000","-17.75015","-0.66438"
"53.35000","-17.76681","-0.67493"
"53.40000","-17.78368","-0.66678"
"53.45000","-17.80029","-0.68110"
"53.50000","-17.81706","-0.67734"
"53.55000","-17.83360","-0.67701"
"53.60000","-17.85038","-0.68215"
"53.65000","-17.86677","-0.67952"
"53.70000","-17.88341","-0.68384"
"53.75000","-17.90007","-0.67143"
"53.80000","-17.91701","-0.67446"
"53.85000","-17.93349","-0.67863"
"53.90000","-17.95023","-0.67314"
"53.95000","-17.96694","-0.68194"
"54.00000","-17.98387","-0.66958"
"54.05000","-18.00007","-0.69460"
"54.10000","-18.01698","-0.67383"
"54.15000","-18.03347","-0.69301"
"54.20000","-18.05022","-0.68755"
"54.25000","-18.06659","-0.68665"
"54.30000","-18.08360","-0.68306"
"54.35000","-18.10021","-0.68927"
"54.40000","-18.11696","-0.68440"
"54.45000","-18.13338","-0.69043"
"54.50000","-18.15043","-0.68076"
"54.55000","-18.16696","-0.69163"
"54.60000","-18.18359","-0.67368"
"54.65000","-18.20009","-0.68173"
"54.70000","-18.21693","-0.67829"
"54.75000","-18.23348","-0.67071"
"54.80000","-18.25010","-0.66985"
"54.85000","-18.26674","-0.66494"
"54.90000","-18.28361","-0.66896"
"54.95000","-18.30034","-0.67203"
"55.00000","-18.31693","-0.67356"
"55.05000","-18.33363","-0.68044"
"55.10000","-18.35029","-0.67424"
"55.15000","-18.36695","-0.67775"
"55.20000","-18.38337","-0.68501"
"55.25000","-18.40020","-0.66954"
"55.30000","-18.41687","-0.67625"
"55.35000","-18.43353","-0.67265"
"55.40000","-18.45011","-0.67457"
"55.45000","-18.46701","-0.68034"
"55.50000","-18.48363","-0.67946"
"55.55000","-18.50039","-0.68291"
"55.60000","-18.51686","-0.68465"
"55.65000","-18.53370","-0.68584"
"55.70000","-18.55015","-0.69247"
"55.75000","-18.56680","-0.69428"
"55.80000","-18.58339","-0.70430"
"55.85000","-18.60036","-0.68503"
"55.90000","-18.61684","-0.69563"
"55.95000","-18.63356","-0.68686"
"56.00000","-18.65023","-0.68523"
"56.05000","-18.66721","-0.69375"
"56.10000","-18.68344","-0.68995"
"56.15000","-18.70027","-0.69937"
"56.20000","-18.71676","-0.71176"
"56.25000","-18.73354","-0.71011"
"56.30000","-18.74998","-0.71898"
"56.35000","-18.76686","-0.71759"
"56.40000","-18.78346","-0.72204"
"56.45000","-18.80032","-0.70596"
"56.50000","-18.81674","-0.72227"
"56.55000","-18.83372","-0.71121"
"56.60000","-18.85029","-0.70947"
"56.65000","-18.86697","-0.70811"
"56.70000","-18.88339","-0.71188"
"56.75000","-18.90026","-0.71486"
"56.80000","-18.91688","-0.71754"
"56.85000","-18.93353","-0.70706"
"56.90000","-18.95004","-0.72610"
"56.95000","-18.96694","-0.70552"
"57.00000","-18.98367","-0.71192"
"57.05000","-19.00028","-0.69507"
"57.10000","-19.01696","-0.69866"
"57.15000","-19.03362","-0.69675"
"57.20000","-19.05026","-0.69231"
"57.25000","-19.06671","-0.69381"
"57.30000","-19.08350","-0.69845"
"57.35000","-19.10023","-0.69415"
"57.40000","-19.11690","-0.70048"
"57.45000","-19.13341","-0.70626"
"57.50000","-19.15034","-0.69617"
"57.55000","-19.16701","-0.70456"
"57.60000","-19.18375","-0.69311"
"57.65000","-19.20010","-0.69531"
"57.70000","-19.21694","-0.69491"
"57.75000","-19.23345","-0.69709"
"57.80000","-19.25016","-0.68603"
"57.85000","-19.26671","-0.69693"
"57.90000","-19.28373","-0.69031"
"57.95000","-19.30020","-0.69959"
"58.00000","-19.31692","-0.69855"
"58.05000","-19.33349","-0.70871"
"58.10000","-19.35050","-0.70394"
"58.15000","-19.36682","-0.71405"
"58.20000","-19.38360","-0.71543"
"58.25000","-19.40006","-0.70713"
"58.30000","-19.41689","-0.70958"
"58.35000","-19.43332","-0.71320"
"58.40000","-19.45018","-0.70555"
"58.45000","-19.46679","-0.71787"
"58.50000","-19.48369","-0.70886"
"58.55000","-19.50012","-0.72284"
"58.60000","-19.51698","-0.71013"
"58.65000","-19.53363","-0.71932"
"58.70000","-19.55036","-0.70362"
"58.75000","-19.56671","-0.70534"
"58.80000","-19.58353","-0.70915"
"58.85000","-19.60013","-0.70307"
"58.90000","-19.61690","-0.70183"
"58.95000","-19.63338","-0.71036"
"59.00000","-19.65017","-0.69426"
"59.05000","-19.66695","-0.70796"
"59.10000","-19.68360","-0.69403"
"59.15000","-19.70025","-0.70935"
"59.20000","-19.71696","-0.70752"
"59.25000","-19.73374","-0.69764"
"59.30000","-19.75011","-0.70564"
"59.35000","-19.76684","-0.68911"
"59.40000","-19.78352","-0.70325"
"59.45000","-19.80027","-0.70357"
"59.50000","-19.81674","-0.69232"
"59.55000","-19.83361","-0.70512"
"59.60000","-19.85035","-0.69309"
"59.65000","-19.86713","-0.69776"
"59.70000","-19.88347","-0.70149"
"59.75000","-19.90027","-0.69802"
"59.80000","-19.91680","-0.69768"
"59.85000","-19.93350","-0.68834"
"59.90000","-19.94997","-0.70059"
"59.95000","-19.96703","-0.68612"
"60.00000","-19.98354","-0.69113"
"60.05000","-20.00013","-0.67049"
"60.05100","-20.00043","-0.66851"
"60.05200","-20.00074","-0.66627"
"60.10200","-20.00518","-0.60278"
"60.15200","-19.99416","-0.64801"
"60.20200","-19.97675","-0.64144"
"60.25200","-19.95779","-0.62482"
"60.30200","-19.94049","-0.60277"
"60.35200","-19.92405","-0.57605"
"60.40200","-19.90717","-0.57483"
"60.45200","-19.89051","-0.55806"
"60.50200","-19.87358","-0.55744"
"60.55200","-19.85723","-0.54474"
"60.60200","-19.84018","-0.54273"
"60.65200","-19.82364","-0.52431"
"60.70200","-19.80677","-0.53003"
"60.75200","-19.79047","-0.51640"
"60.80200","-19.77347","-0.52153"
"60.85200","-19.75708","-0.50725"
"60.90200","-19.74033","-0.50280"
"60.95200","-19.72388","-0.48293"
"61.00200","-19.70684","-0.48550"
"61.05200","-19.69034","-0.46496"
"61.10200","-19.67358","-0.46312"
"61.15200","-19.65696","-0.45821"
"61.20200","-19.64010","-0.45767"
"61.25200","-19.62359","-0.45319"
"61.30200","-19.60708","-0.44752"
"61.35200","-19.59037","-0.45198"
"61.40200","-19.57353","-0.44560"
"61.45200","-19.55699","-0.43889"
"61.50200","-19.54045","-0.43245"
"61.55200","-19.52366","-0.42971"
"61.60200","-19.50685","-0.41661"
"61.65200","-19.49011","-0.42329"
"61.70200","-19.47366","-0.41499"
"61.75200","-19.45679","-0.41759"
"61.80200","-19.44026","-0.41272"
"61.85200","-19.42357","-0.41789"
"61.90200","-19.40707","-0.40961"
"61.95200","-19.39021","-0.41190"
"62.00200","-19.37376","-0.41525"
"62.05200","-19.35702","-0.41287"
"62.10200","-19.34042","-0.40797"
"62.15200","-19.32339","-0.40027"
"62.20200","-19.30704","-0.40296"
"62.25200","-19.29026","-0.39644"
"62.30200","-19.27369","-0.40332"
"62.35200","-19.25674","-0.39742"
"62.40200","-19.24045","-0.40096"
"62.45200","-19.22367","-0.39994"
"62.50200","-19.20706","-0.39691"
"62.55200","-19.19015","-0.40559"
"62.60200","-19.17393","-0.38449"
"62.65200","-19.15693","-0.38854"
"62.70200","-19.14027","-0.38043"
"62.75200","-19.12334","-0.38045"
"62.80200","-19.10715","-0.36959"
"62.85200","-19.09019","-0.38586"
"62.90200","-19.07369","-0.37724"
"62.95200","-19.05695","-0.38353"
"63.00200","-19.04060","-0.38150"
"63.05200","-19.02355","-0.38586"
"63.10200","-19.00699","-0.37977"
"63.15200","-18.99023","-0.37860"
"63.20200","-18.97366","-0.37657"
"63.25200","-18.95676","-0.37357"
"63.30200","-18.94018","-0.37404"
"63.35200","-18.92369","-0.38098"
"63.40200","-18.90707","-0.37543"
"63.45200","-18.89017","-0.37914"
"63.50200","-18.87362","-0.36658"
"63.55200","-18.85712","-0.36903"
"63.60200","-18.84031","-0.36476"
"63.65200","-18.82351","-0.36761"
"63.70200","-18.80680","-0.36667"
"63.75200","-18.79032","-0.36623"
"63.80200","-18.77348","-0.35956"
"63.85200","-18.75693","-0.36104"
"63.90200","-18.74027","-0.36475"
"63.95200","-18.72379","-0.35526"
"64.00200","-18.70692","-0.36147"
"64.05200","-18.69041","-0.35957"
"64.10200","-18.67365","-0.35532"
"64.15200","-18.65713","-0.36584"
"64.20200","-18.64005","-0.37481"
"64.25200","-18.62361","-0.36575"
"64.30200","-18.60690","-0.36702"
"64.35200","-18.59044","-0.35911"
"64.40200","-18.57344","-0.36712"
"64.45200","-18.55712","-0.35930"
"64.50200","-18.54040","-0.36477"
"64.55200","-18.52381","-0.35928"
"64.60200","-18.50681","-0.34681"
"64.65200","-18.49048","-0.35791"
"64.70200","-18.47359","-0.35217"
"64.75200","-18.45696","-0.35461"
"64.80200","-18.44000","-0.36334"
"64.85200","-18.42377","-0.36085"
"64.90200","-18.40686","-0.36666"
"64.95200","-18.39034","-0.35842"
"65.00200","-18.37355","-0.37946"
"65.05200","-18.35725","-0.36323"
"65.10200","-18.34025","-0.37041"
"65.15200","-18.32363","-0.36779"
"65.20200","-18.30689","-0.35895"
"65.25200","-18.29035","-0.36740"
"65.30200","-18.27347","-0.36259"
"65.35200","-18.25681","-0.36754"
"65.40200","-18.24031","-0.36851"
"65.45200","-18.22377","-0.36139"
"65.50200","-18.20688","-0.36121"
"65.55200","-18.19026","-0.36690"
"65.60200","-18.17373","-0.35870"
"65.65200","-18.15704","-0.35786"
"65.70200","-18.14018","-0.34786"
"65.75200","-18.12341","-0.35195"
"65.80200","-18.10702","-0.33824"
"65.85200","-18.09022","-0.35257"
"65.90200","-18.07359","-0.34559"
"65.95200","-18.05681","-0.34775"
"66.00200","-18.04047","-0.34591"
"66.05200","-18.02360","-0.35234"
"66.10200","-18.00707","-0.34310"
"66.15200","-17.99026","-0.35699"
"66.20200","-17.97382","-0.34140"
"66.25200","-17.95670","-0.34055"
"66.30200","-17.94031","-0.33750"
"66.35200","-17.92354","-0.34050"
"66.40200","-17.90713","-0.34340"
"66.45200","-17.89008","-0.34727"
"66.50200","-17.87373","-0.34878"
"66.55200","-17.85705","-0.33705"
"66.60200","-17.84053","-0.33827"
"66.65200","-17.82347","-0.35389"
"66.70200","-17.80710","-0.33817"
"66.75200","-17.79023","-0.34520"
"66.80200","-17.77365","-0.32768"
"66.85200","-17.75667","-0.34852"
"66.90200","-17.74041","-0.33745"
"66.95200","-17.72358","-0.34532"
"67.00200","-17.70701","-0.34382"
"67.05200","-17.69017","-0.35817"
"67.10200","-17.67387","-0.34377"
"67.15200","-17.65700","-0.35737"
"67.20200","-17.64033","-0.35112"
"67.25200","-17.62348","-0.35586"
"67.30200","-17.60704","-0.34806"
"67.35200","-17.59016","-0.35436"
"67.40200","-17.57348","-0.34833"
"67.45200","-17.55691","-0.34753"
"67.50200","-17.54042","-0.35522"
"67.55200","-17.52362","-0.35955"
"67.60200","-17.50694","-0.35627"
"67.65200","-17.49037","-0.34760"
"67.70200","-17.47371","-0.35111"
"67.75200","-17.45691","-0.33959"
"67.80200","-17.44005","-0.34817"
"67.85200","-17.42369","-0.35477"
"67.90200","-17.40693","-0.35717"
"67.95200","-17.39027","-0.34416"
"68.00200","-17.37351","-0.35149"
"68.05200","-17.35714","-0.35151"
"68.10200","-17.34031","-0.34639"
"68.15200","-17.32374","-0.34604"
"68.20200","-17.30682","-0.34529"
"68.25200","-17.29050","-0.33535"
"68.30200","-17.27342","-0.33868"
"68.35200","-17.25694","-0.33466"
"68.40200","-17.24012","-0.34901"
"68.45200","-17.22387","-0.33845"
"68.50200","-17.20682","-0.34739"
"68.55200","-17.19039","-0.35020"
"68.60200","-17.17368","-0.34286"
"68.65200","-17.15725","-0.34610"
"68.70200","-17.14016","-0.35263"
"68.75200","-17.12372","-0.34315"
"68.80200","-17.10689","-0.34918"
"68.85200","-17.09033","-0.33040"
"68.90200","-17.07334","-0.34604"
"68.95200","-17.05705","-0.33680"
"69.00200","-17.04030","-0.34889"
"69.05200","-17.02378","-0.34945"
"69.10200","-17.00685","-0.35038"
"69.15200","-16.99047","-0.35174"
"69.20200","-16.97368","-0.36419"
"69.25200","-16.95706","-0.35260"
"69.30200","-16.94014","-0.35143"
"69.35200","-16.92366","-0.34660"
"69.40200","-16.90688","-0.34546"
"69.45200","-16.89016","-0.34212"
"69.50200","-16.87357","-0.35447"
"69.55200","-16.85706","-0.35501"
"69.60200","-16.84030","-0.35008"
"69.65200","-16.82362","-0.35904"
"69.70200","-16.80699","-0.34895"
"69.75200","-16.79037","-0.35766"
"69.80200","-16.77359","-0.35340"
"69.85200","-16.75671","-0.35098"
"69.90200","-16.74027","-0.35797"
"69.95200","-16.72359","-0.34220"
"70.00200","-16.70694","-0.35087"
"70.05200","-16.69008","-0.35259"
"70.10200","-16.67377","-0.33987"
"70.15200","-16.65703","-0.34763"
"70.20200","-16.64042","-0.33522"
"70.25200","-16.62344","-0.34703"
"70.30200","-16.60714","-0.33274"
"70.35200","-16.59015","-0.34859"
"70.40200","-16.57357","-0.34288"
"70.45200","-16.55670","-0.34549"
"70.50200","-16.54049","-0.33810"
"70.55200","-16.52350","-0.34893"
"70.60200","-16.50700","-0.34405"
"70.65200","-16.49027","-0.34870"
"70.70200","-16.47396","-0.33821"
"70.75200","-16.45688","-0.34463"
"70.80200","-16.44035","-0.33435"
"70.85200","-16.42350","-0.34223"
"70.90200","-16.40709","-0.33537"
"70.95200","-16.39005","-0.33947"
"71.00200","-16.37362","-0.33769"
"71.05200","-16.35691","-0.33881"
"71.10200","-16.34050","-0.33069"
"71.15200","-16.32355","-0.34694"
"71.20200","-16.30707","-0.33273"
"71.25200","-16.29031","-0.34881"
"71.30200","-16.27374","-0.34430"
"71.35200","-16.25677","-0.34849"
"71.40200","-16.24021","-0.35148"
"71.45200","-16.22353","-0.35001"
"71.50200","-16.20692","-0.34957"
"71.55200","-16.19025","-0.35284"
"71.60200","-16.17367","-0.34833"
"71.65200","-16.15708","-0.34953"
"71.70200","-16.14044","-0.35449"
"71.75200","-16.12381","-0.35750"
"71.80200","-16.10713","-0.35389"
"71.85200","-16.09035","-0.35925"
"71.90200","-16.07340","-0.35464"
"71.95200","-16.05691","-0.34938"
"72.00200","-16.04026","-0.35141"
"72.05200","-16.02370","-0.34775"
"72.10200","-16.00677","-0.35923"
"72.15200","-15.99041","-0.35906"
"72.20200","-15.97371","-0.36241"
"72.25200","-15.95715","-0.35545"
"72.30200","-15.94018","-0.36525"
"72.35200","-15.92379","-0.35776"
"72.40200","-15.90682","-0.36012"
"72.45200","-15.89026","-0.34358"
"72.50200","-15.87339","-0.35204"
"72.55200","-15.85717","-0.33847"
"72.60200","-15.84019","-0.34326"
"72.65200","-15.82370","-0.33900"
"72.70200","-15.80695","-0.33968"
"72.75200","-15.79060","-0.32921"
"72.80200","-15.77353","-0.34347"
"72.85200","-15.75703","-0.33769"
"72.90200","-15.74017","-0.34049"
"72.95200","-15.72376","-0.32975"
"73.00200","-15.70661","-0.33396"
"73.05200","-15.69020","-0.32763"
"73.10200","-15.67354","-0.33042"
"73.15200","-15.65711","-0.32460"
"73.20200","-15.64014","-0.33410"
"73.25200","-15.62371","-0.32968"
"73.30200","-15.60704","-0.33436"
"73.35200","-15.59043","-0.32518"
"73.40200","-15.57343","-0.34229"
"73.45200","-15.55682","-0.32721"
"73.50200","-15.54023","-0.32329"
"73.55200","-15.52355","-0.32500"
"73.60200","-15.50692","-0.32967"
"73.65200","-15.49035","-0.32653"
"73.70200","-15.47373","-0.33277"
"73.75200","-15.45696","-0.33922"
"73.80200","-15.44030","-0.33291"
"73.85200","-15.42372","-0.33677"
"73.90200","-15.40704","-0.33106"
"73.95200","-15.39007","-0.33765"
"74.00200","-15.37360","-0.32897"
"74.05200","-15.35696","-0.33671"
"74.10200","-15.34036","-0.31761"
"74.15200","-15.32345","-0.33060"
"74.20200","-15.30703","-0.31918"
"74.25200","-15.29041","-0.32322"
"74.30200","-15.27382","-0.32510"
"74.35200","-15.25683","-0.33218"
"74.40200","-15.24042","-0.32934"
"74.45200","-15.22355","-0.33254"
"74.50200","-15.20700","-0.33253"
"74.55200","-15.19005","-0.32882"
"74.60200","-15.17385","-0.32863"
"74.65200","-15.15691","-0.33594"
"74.70200","-15.14040","-0.31706"
"74.75200","-15.12354","-0.32818"
"74.80200","-15.10722","-0.32296"
"74.85200","-15.09020","-0.32586"
"74.90200","-15.07368","-0.31896"
"74.95200","-15.05679","-0.31909"
"75.00200","-15.04048","-0.31271"
"75.05200","-15.02340","-0.31512"
"75.10200","-15.00693","-0.31223"
"75.15200","-14.99021","-0.31602"
"75.20200","-14.97387","-0.29651"
"75.25200","-14.95688","-0.32568"
"75.30200","-14.94036","-0.30566"
"75.35200","-14.92365","-0.32250"
"75.40200","-14.90712","-0.31201"
"75.45200","-14.89011","-0.31456"
"75.50200","-14.87350","-0.31507"
"75.55200","-14.85695","-0.31352"
"75.60200","-14.84023","-0.31333"
"75.65200","-14.82354","-0.31946"
"75.70200","-14.80689","-0.32022"
"75.75200","-14.79039","-0.32157"
"75.80200","-14.77365","-0.30848"
"75.85200","-14.75691","-0.31639"
"75.90200","-14.74029","-0.30894"
"75.95200","-14.72372","-0.31107"
"76.00200","-14.70678","-0.32617"
"76.05200","-14.69023","-0.31169"
"76.10200","-14.67358","-0.32368"
"76.15200","-14.65709","-0.31367"
"76.20200","-14.64012","-0.32040"
"76.25200","-14.62367","-0.31880"
"76.30200","-14.60705","-0.31214"
"76.35200","-14.59055","-0.31059"
"76.40200","-14.57349","-0.32437"
"76.45200","-14.55702","-0.31030"
"76.50200","-14.54018","-0.32770"
"76.55200","-14.52366","-0.31007"
"76.60200","-14.50669","-0.31659"
"76.65200","-14.49046","-0.30623"
"76.70200","-14.47360","-0.31154"
"76.75200","-14.45701","-0.31316"
"76.80200","-14.44020","-0.31450"
"76.85200","-14.42391","-0.31420"
"76.90200","-14.40690","-0.31825"
"76.95200","-14.39035","-0.30786"
"77.00200","-14.37342","-0.32163"
"77.05200","-14.35714","-0.30580"
"77.10200","-14.34010","-0.31768"
"77.15200","-14.32358","-0.30633"
"77.20200","-14.30681","-0.31398"
"77.25200","-14.29057","-0.31520"
"77.30200","-14.27360","-0.30906"
"77.35200","-14.25704","-0.31448"
"77.40200","-14.24030","-0.31013"
"77.45200","-14.22380","-0.30690"
"77.50200","-14.20679","-0.31303"
"77.55200","-14.19012","-0.31261"
"77.60200","-14.17354","-0.32165"
"77.65200","-14.15696","-0.31532"
"77.70200","-14.14021","-0.32458"
"77.75200","-14.12354","-0.32353"
"77.80200","-14.10707","-0.31988"
"77.85200","-14.09037","-0.31795"
"77.90200","-14.07362","-0.32125"
"77.95200","-14.05695","-0.31324"
"78.00200","-14.04041","-0.31690"
"78.05200","-14.02348","-0.30908"
"78.10200","-14.00690","-0.31507"
"78.15200","-13.99019","-0.31113"
"78.20200","-13.97381","-0.31906"
"78.25200","-13.95680","-0.30664"
"78.30200","-13.94030","-0.30882"
"78.35200","-13.92370","-0.31872"
"78.40200","-13.90724","-0.31336"
"78.45200","-13.89014","-0.32122"
"78.50200","-13.87369","-0.31957"
"78.55200","-13.85686","-0.32918"
"78.60200","-13.84036","-0.31199"
"78.65200","-13.82343","-0.32429"
"78.70200","-13.80708","-0.32261"
"78.75200","-13.79024","-0.31427"
"78.80200","-13.77374","-0.30616"
"78.85200","-13.75687","-0.31785"
"78.90200","-13.74056","-0.30845"
"78.95200","-13.72363","-0.31931"
"79.00200","-13.70705","-0.32063"
"79.05200","-13.69007","-0.33244"
"79.10200","-13.67376","-0.31425"
"79.15200","-13.65678","-0.32632"
"79.20200","-13.64028","-0.32778"
"79.25200","-13.62348","-0.32452"
"79.30200","-13.60718","-0.31736"
"79.35200","-13.59024","-0.32018"
"79.40200","-13.57371","-0.32543"
"79.45200","-13.55698","-0.32050"
"79.50200","-13.54046","-0.32842"
"79.55200","-13.52344","-0.33193"
"79.60200","-13.50677","-0.33177"
"79.65200","-13.49020","-0.32752"
"79.70200","-13.47362","-0.32948"
"79.75200","-13.45695","-0.33013"
"79.80200","-13.44021","-0.32905"
"79.85200","-13.42373","-0.32959"
"79.90200","-13.40704","-0.32590"
"79.95200","-13.39024","-0.32067"
"80.00200","-13.37359","-0.32230"
"80.05200","-13.35711","-0.32595"
"80.10200","-13.34015","-0.32633"
"80.15200","-13.32356","-0.31597"
"80.20200","-13.30685","-0.32714"
"80.25200","-13.29050","-0.31938"
"80.30200","-13.27348","-0.33153"
"80.35200","-13.25699","-0.32913"
"80.40200","-13.24030","-0.32999"
"80.45200","-13.22391","-0.32230"
"80.50200","-13.20679","-0.33143"
"80.55200","-13.19033","-0.32451"
"80.60200","-13.17353","-0.33906"
"80.65200","-13.15711","-0.31872"
"80.70200","-13.14005","-0.32546"
"80.75200","-13.12368","-0.31621"
"80.80200","-13.10693","-0.32193"
"80.85200","-13.09049","-0.32200"
"80.90200","-13.07355","-0.32552"
"80.95200","-13.05713","-0.32499"
"81.00200","-13.04031","-0.31834"
"81.05200","-13.02370","-0.32345"
"81.10200","-13.00671","-0.32345"
"81.15200","-12.99039","-0.30471"
"81.20200","-12.97352","-0.32912"
"81.25200","-12.95692","-0.32079"
"81.30200","-12.94009","-0.31643"
"81.35200","-12.92383","-0.32579"
"81.40200","-12.90699","-0.31961"
"81.45200","-12.89034","-0.33034"
"81.50200","-12.87356","-0.32903"
"81.55200","-12.85718","-0.33422"
"81.60200","-12.84019","-0.32622"
"81.65200","-12.82344","-0.32123"
"81.70200","-12.80686","-0.33559"
"81.75200","-12.79039","-0.32586"
"81.80200","-12.77360","-0.32773"
"81.85200","-12.75684","-0.32595"
"81.90200","-12.74038","-0.31930"
"81.95200","-12.72374","-0.32441"
"82.00200","-12.70698","-0.32283"
"82.05200","-12.69025","-0.31755"
"82.10200","-12.67370","-0.31912"
"82.15200","-12.65682","-0.31589"
"82.20200","-12.64020","-0.32429"
"82.25200","-12.62343","-0.32588"
"82.30200","-12.60714","-0.32490"
"82.35200","-12.59020","-0.33433"
"82.40200","-12.57365","-0.31891"
"82.45200","-12.55696","-0.33130"
"82.50200","-12.54065","-0.30836"
"82.55200","-12.52354","-0.32989"
"82.60200","-12.50699","-0.32100"
"82.65200","-12.49014","-0.32826"
"82.70200","-12.47379","-0.32418"
"82.75200","-12.45672","-0.33274"
"82.80200","-12.44034","-0.32341"
"82.85200","-12.42361","-0.33783"
"82.90200","-12.40716","-0.31887"
"82.95200","-12.39012","-0.32525"
"83.00200","-12.37370","-0.32037"
"83.05200","-12.35696","-0.33555"
"83.10200","-12.34045","-0.32161"
"83.15200","-12.32338","-0.31814"
"83.20200","-12.30700","-0.31878"
"83.25200","-12.29024","-0.31094"
"83.30200","-12.27367","-0.31985"
"83.35200","-12.25675","-0.31675"
"83.40200","-12.24046","-0.32149"
"83.45200","-12.22374","-0.32396"
"83.50200","-12.20703","-0.31862"
"83.55200","-12.19018","-0.33098"
"83.60200","-12.17376","-0.31548"
"83.65200","-12.15693","-0.31348"
"83.70200","-12.14011","-0.31336"
"83.75200","-12.12342","-0.31201"
"83.80200","-12.10704","-0.31800"
"83.85200","-12.09038","-0.31459"
"83.90200","-12.07355","-0.32208"
"83.95200","-12.05699","-0.31367"
"84.00200","-12.04045","-0.31241"
"84.05200","-12.02367","-0.31881"
"84.10200","-12.00687","-0.30659"
"84.15200","-11.99034","-0.31360"
"84.20200","-11.97356","-0.30251"
"84.25200","-11.95693","-0.30250"
"84.30200","-11.94012","-0.30763"
"84.35200","-11.92380","-0.29064"
"84.40200","-11.90690","-0.31118"
"84.45200","-11.89029","-0.29356"
"84.50200","-11.87353","-0.29255"
"84.55200","-11.85727","-0.29189"
"84.60200","-11.84023","-0.28288"
"84.65200","-11.82362","-0.28813"
"84.70200","-11.80675","-0.28895"
"84.75200","-11.79051","-0.27918"
"84.80200","-11.77346","-0.28443"
"84.85200","-11.75698","-0.27622"
"84.90200","-11.74021","-0.28196"
"84.95200","-11.72389","-0.26985"
"85.00200","-11.70690","-0.27462"
"85.05200","-11.69032","-0.27167"
"85.10200","-11.67362","-0.27748"
"85.15200","-11.65720","-0.27657"
"85.20200","-11.64009","-0.28388"
"85.25200","-11.62360","-0.26601"
"85.30200","-11.60689","-0.28391"
"85.35200","-11.59038","-0.27516"
"85.40200","-11.57344","-0.27228"
"85.45200","-11.55703","-0.27634"
"85.50200","-11.54038","-0.28131"
"85.55200","-11.52372","-0.27346"
"85.60200","-11.50687","-0.27331"
"85.65200","-11.49040","-0.27488"
"85.70200","-11.47362","-0.27240"
"85.75200","-11.45683","-0.27827"
"85.80200","-11.44011","-0.27530"
"85.85200","-11.42363","-0.28024"
"85.90200","-11.40707","-0.27779"
"85.95200","-11.39018","-0.27747"
"86.00200","-11.37364","-0.28555"
"86.05200","-11.35713","-0.27117"
"86.10200","-11.34042","-0.27622"
"86.15200","-11.32354","-0.26734"
"86.20200","-11.30697","-0.27528"
"86.25200","-11.29022","-0.26504"
"86.30200","-11.27357","-0.27038"
"86.35200","-11.25668","-0.27815"
"86.40200","-11.24040","-0.26772"
"86.45200","-11.22359","-0.27051"
"86.50200","-11.20695","-0.26725"
"86.55200","-11.19020","-0.27018"
"86.60200","-11.17396","-0.25988"
"86.65200","-11.15696","-0.26185"
"86.70200","-11.14030","-0.25075"
"86.75200","-11.12341","-0.25088"
"86.80200","-11.10719","-0.25323"
"86.85200","-11.09011","-0.26028"
"86.90200","-11.07362","-0.24642"
"86.95200","-11.05689","-0.25688"
"87.00200","-11.04059","-0.24958"
"87.05200","-11.02356","-0.25612"
"87.10200","-11.00704","-0.25143"
"87.15200","-10.99026","-0.26268"
"87.20200","-10.97387","-0.25090"
"87.25200","-10.95672","-0.26539"
"87.30200","-10.94022","-0.25216"
"87.35200","-10.92355","-0.26062"
"87.40200","-10.90705","-0.25296"
"87.45200","-10.89008","-0.26913"
"87.50200","-10.87368","-0.25945"
"87.55200","-10.85707","-0.26564"
"87.60200","-10.84042","-0.26668"
"87.65200","-10.82349","-0.26575"
"87.70200","-10.80702","-0.28094"
"87.75200","-10.79034","-0.26845"
"87.80200","-10.77357","-0.28297"
"87.85200","-10.75678","-0.27803"
"87.90200","-10.74030","-0.29075"
"87.95200","-10.72379","-0.27356"
"88.00200","-10.70686","-0.28201"
"88.05200","-10.69026","-0.27762"
"88.10200","-10.67371","-0.26914"
"88.15200","-10.65708","-0.27514"
"88.20200","-10.64022","-0.27071"
"88.25200","-10.62359","-0.27034"
"88.30200","-10.60690","-0.28513"
"88.35200","-10.59031","-0.27245"
"88.40200","-10.57337","-0.29076"
"88.45200","-10.55703","-0.27607"
"88.50200","-10.54030","-0.28687"
"88.55200","-10.52371","-0.28323"
"88.60200","-10.50685","-0.28408"
"88.65200","-10.49057","-0.27661"
"88.70200","-10.47367","-0.28195"
"88.75200","-10.45699","-0.27464"
"88.80200","-10.44008","-0.28416"
"88.85200","-10.42382","-0.26103"
"88.90200","-10.40687","-0.27603"
"88.95200","-10.39029","-0.26095"
"89.00200","-10.37347","-0.26965"
"89.05200","-10.35723","-0.27595"
"89.10200","-10.34023","-0.28015"
"89.15200","-10.32367","-0.27844"
"89.20200","-10.30689","-0.28493"
"89.25200","-10.29054","-0.27099"
"89.30200","-10.27345","-0.28617"
"89.35200","-10.25689","-0.27277"
"89.40200","-10.24015","-0.28704"
"89.45200","-10.22371","-0.27346"
"89.50200","-10.20677","-0.28301"
"89.55200","-10.19035","-0.28436"
"89.60200","-10.17370","-0.27321"
"89.65200","-10.15713","-0.27663"
"89.70200","-10.14020","-0.27513"
"89.75200","-10.12365","-0.26915"
"89.80200","-10.10696","-0.26900"
"89.85200","-10.09019","-0.27830"
"89.90200","-10.07343","-0.27783"
"89.95200","-10.05690","-0.27873"
"90.00200","-10.04047","-0.27940"
"90.05200","-10.02353","-0.28304"
"90.10200","-10.00695","-0.27457"
"90.15200","-9.99042","-0.27863"
"90.20200","-9.97383","-0.28546"
"90.25200","-9.95689","-0.26808"
"90.30200","-9.94024","-0.27951"
"90.35200","-9.92353","-0.28276"
"90.40200","-9.90701","-0.27765"
"90.45200","-9.89006","-0.27669"
"90.50200","-9.87369","-0.26541"
"90.55200","-9.85698","-0.27746"
"90.60200","-9.84042","-0.26482"
"90.65200","-9.82356","-0.26779"
"90.70200","-9.80717","-0.26437"
"90.75200","-9.79036","-0.26224"
"90.80200","-9.77370","-0.26116"
"90.85200","-9.75669","-0.27467"
"90.90200","-9.74042","-0.25476"
"90.95200","-9.72358","-0.27251"
"91.00200","-9.70703","-0.25146"
"91.05200","-9.69012","-0.26567"
"91.10200","-9.67389","-0.24830"
"91.15200","-9.65697","-0.25369"
"91.20200","-9.64035","-0.25230"
"91.25200","-9.62350","-0.25100"
"91.30200","-9.60718","-0.25242"
"91.35200","-9.59015","-0.26518"
"91.40200","-9.57360","-0.25390"
"91.45200","-9.55680","-0.26805"
"91.50200","-9.54044","-0.24792"
"91.55200","-9.52349","-0.26215"
"91.60200","-9.50696","-0.24037"
"91.65200","-9.49036","-0.24529"
"91.70200","-9.47381","-0.24803"
"91.75200","-9.45687","-0.24107"
"91.80200","-9.44027","-0.24129"
"91.85200","-9.42359","-0.23156"
"91.90200","-9.40688","-0.23347"
"91.95200","-9.39007","-0.24112"
"92.00200","-9.37352","-0.23548"
"92.05200","-9.35716","-0.25202"
"92.10200","-9.34025","-0.24574"
"92.15200","-9.32356","-0.24106"
"92.20200","-9.30700","-0.24611"
"92.25200","-9.29051","-0.23482"
"92.30200","-9.27357","-0.23526"
"92.35200","-9.25689","-0.22986"
"92.40200","-9.24017","-0.24442"
"92.45200","-9.22374","-0.23293"
"92.50200","-9.20673","-0.24277"
"92.55200","-9.19029","-0.23216"
"92.60200","-9.17360","-0.23643"
"92.65200","-9.15712","-0.23581"
"92.70200","-9.14019","-0.23617"
"92.75200","-9.12383","-0.23076"
"92.80200","-9.10697","-0.24028"
"92.85200","-9.09038","-0.22933"
"92.90200","-9.07336","-0.25294"
"92.95200","-9.05703","-0.22978"
"93.00200","-9.04025","-0.23323"
"93.05200","-9.02372","-0.23437"
"93.10200","-9.00681","-0.23054"
"93.15200","-8.99052","-0.23765"
"93.20200","-8.97370","-0.23499"
"93.25200","-8.95711","-0.23030"
"93.30200","-8.94019","-0.24698"
"93.35200","-8.92382","-0.23078"
"93.40200","-8.90686","-0.24660"
"93.45200","-8.89022","-0.23516"
"93.50200","-8.87344","-0.23891"
"93.55200","-8.85710","-0.24126"
"93.60200","-8.84017","-0.24259"
"93.65200","-8.82361","-0.23265"
"93.70200","-8.80695","-0.24396"
"93.75200","-8.79051","-0.24522"
"93.80200","-8.77357","-0.24343"
"93.85200","-8.75693","-0.23994"
"93.90200","-8.74028","-0.24066"
"93.95200","-8.72361","-0.24304"
"94.00200","-8.70681","-0.24573"
"94.05200","-8.69014","-0.24247"
"94.10200","-8.67378","-0.24366"
"94.15200","-8.65694","-0.24501"
"94.20200","-8.64023","-0.23735"
"94.25200","-8.62361","-0.24468"
"94.30200","-8.60715","-0.23326"
"94.35200","-8.59029","-0.23326"
"94.40200","-8.57356","-0.24311"
"94.45200","-8.55679","-0.23464"
"94.50200","-8.54045","-0.22532"
"94.55200","-8.52348","-0.23840"
"94.60200","-8.50698","-0.22798"
"94.65200","-8.49022","-0.24007"
"94.70200","-8.47382","-0.23201"
"94.75200","-8.45689","-0.23456"
"94.80200","-8.44039","-0.22811"
"94.85200","-8.42365","-0.23019"
"94.90200","-8.40711","-0.22642"
"94.95200","-8.39002","-0.23197"
"95.00200","-8.37363","-0.22829"
"95.05200","-8.35692","-0.23299"
"95.10200","-8.34047","-0.22168"
"95.15200","-8.32343","-0.23425"
"95.20200","-8.30707","-0.23154"
"95.25200","-8.29043","-0.22699"
"95.30200","-8.27379","-0.22838"
"95.35200","-8.25681","-0.23367"
"95.40200","-8.24045","-0.22317"
"95.45200","-8.22356","-0.23627"
"95.50200","-8.20688","-0.22646"
"95.55200","-8.19005","-0.24442"
"95.60200","-8.17372","-0.24092"
"95.65200","-8.15692","-0.23047"
"95.70200","-8.14023","-0.23633"
"95.75200","-8.12358","-0.25396"
"95.80200","-8.10714","-0.22935"
"95.85200","-8.09029","-0.24271"
"95.90200","-8.07359","-0.24673"
"95.95200","-8.05688","-0.24390"
"96.00200","-8.04030","-0.23244"
"96.05200","-8.02353","-0.23937"
"96.10200","-8.00678","-0.24028"
"96.15200","-7.99040","-0.24247"
"96.20200","-7.97366","-0.23544"
"96.25200","-7.95693","-0.23683"
"96.30200","-7.94024","-0.23765"
"96.35200","-7.92382","-0.22210"
"96.40200","-7.90701","-0.23740"
"96.45200","-7.89024","-0.22946"
"96.50200","-7.87342","-0.23009"
"96.55200","-7.85711","-0.24054"
"96.60200","-7.84016","-0.22446"
"96.65200","-7.82364","-0.22387"
"96.70200","-7.80686","-0.23725"
"96.75200","-7.79054","-0.21896"
"96.80200","-7.77360","-0.22365"
"96.85200","-7.75709","-0.21597"
"96.90200","-7.74027","-0.21328"
"96.95200","-7.72380","-0.21098"
"97.00200","-7.70671","-0.22495"
"97.05200","-7.69032","-0.21911"
"97.10200","-7.67362","-0.22300"
"97.15200","-7.65711","-0.22785"
"97.20200","-7.64011","-0.23124"
"97.25200","-7.62373","-0.21840"
"97.30200","-7.60701","-0.23034"
"97.35200","-7.59046","-0.21332"
"97.40200","-7.57355","-0.21880"
"97.45200","-7.55704","-0.20330"
"97.50200","-7.54023","-0.21582"
"97.55200","-7.52354","-0.21312"
"97.60200","-7.50672","-0.20644"
"97.65200","-7.49031","-0.22405"
"97.70200","-7.47365","-0.21374"
"97.75200","-7.45703","-0.21788"
"97.80200","-7.44024","-0.21316"
"97.85200","-7.42375","-0.21446"
"97.90200","-7.40700","-0.21788"
"97.95200","-7.39026","-0.21037"
"98.00200","-7.37350","-0.21029"
"98.05200","-7.35697","-0.21199"
"98.10200","-7.34020","-0.20096"
"98.15200","-7.32344","-0.21904"
"98.20200","-7.30702","-0.21344"
"98.25200","-7.29035","-0.22721"
"98.30200","-7.27368","-0.22806"
"98.35200","-7.25693","-0.22281"
"98.40200","-7.24044","-0.22559"
"98.45200","-7.22368","-0.21345"
"98.50200","-7.20695","-0.20482"
"98.55200","-7.19004","-0.21926"
"98.60200","-7.17369","-0.20855"
"98.65200","-7.15682","-0.20866"
"98.70200","-7.14031","-0.21354"
"98.75200","-7.12350","-0.21175"
"98.80200","-7.10719","-0.20873"
"98.85200","-7.09030","-0.21483"
"98.90200","-7.07375","-0.20176"
"98.95200","-7.05692","-0.21260"
"99.00200","-7.04052","-0.20697"
"99.05200","-7.02342","-0.21531"
"99.10200","-7.00694","-0.20194"
"99.15200","-6.99023","-0.20575"
"99.20200","-6.97383","-0.20340"
"99.25200","-6.95679","-0.19821"
"99.30200","-6.94036","-0.20369"
"99.35200","-6.92367","-0.20847"
"99.40200","-6.90715","-0.18961"
"99.45200","-6.89018","-0.21560"
"99.50200","-6.87366","-0.21083"
"99.55200","-6.85689","-0.21731"
"99.60200","-6.84027","-0.22369"
"99.65200","-6.82338","-0.22122"
"99.70200","-6.80696","-0.22213"
"99.75200","-6.79033","-0.21246"
"99.80200","-6.77364","-0.22393"
"99.85200","-6.75691","-0.23045"
"99.90200","-6.74039","-0.21422"
"99.95200","-6.72370","-0.23656"
"100.00200","-6.70694","-0.22077"
"100.05200","-6.69016","-0.22018"
"100.10200","-6.67358","-0.22035"
"100.15200","-6.65692","-0.22020"
"100.20200","-6.64010","-0.22623"
"100.25200","-6.62363","-0.21310"
"100.30200","-6.60698","-0.23278"
"100.35200","-6.59038","-0.21955"
"100.40200","-6.57361","-0.22085"
"100.45200","-6.55702","-0.22673"
"100.50200","-6.54037","-0.21210"
"100.55200","-6.52365","-0.22269"
"100.60200","-6.50676","-0.20715"
"100.65200","-6.49034","-0.21144"
"100.70200","-6.47355","-0.20892"
"100.75200","-6.45698","-0.19555"
"100.80200","-6.44015","-0.21200"
"100.85200","-6.42385","-0.20213"
"100.90200","-6.40703","-0.20696"
"100.95200","-6.39045","-0.19826"
"101.00200","-6.37350","-0.21213"
"101.05200","-6.35716","-0.20010"
"101.10200","-6.34013","-0.21861"
"101.15200","-6.32358","-0.21054"
"101.20200","-6.30680","-0.20870"
"101.25200","-6.29048","-0.20136"
"101.30200","-6.27350","-0.21371"
"101.35200","-6.25701","-0.20466"
"101.40200","-6.24030","-0.19978"
"101.45200","-6.22389","-0.20110"
"101.50200","-6.20686","-0.20412"
"101.55200","-6.19030","-0.20546"
"101.60200","-6.17357","-0.21715"
"101.65200","-6.15699","-0.21335"
"101.70200","-6.14006","-0.22522"
"101.75200","-6.12355","-0.22119"
"101.80200","-6.10698","-0.20523"
"101.85200","-6.09033","-0.23465"
"101.90200","-6.07358","-0.21520"
"101.95200","-6.05702","-0.23338"
"102.00200","-6.04042","-0.22109"
"102.05200","-6.02368","-0.22440"
"102.10200","-6.00676","-0.23074"
"102.15200","-5.99016","-0.21568"
"102.20200","-5.97363","-0.22477"
"102.25200","-5.95677","-0.21103"
"102.30200","-5.94022","-0.20517"
"102.35200","-5.92360","-0.21286"
"102.40200","-5.90711","-0.19709"
"102.45200","-5.89027","-0.20325"
"102.50200","-5.87366","-0.18370"
"102.55200","-5.85702","-0.19879"
"102.60200","-5.84039","-0.18388"
"102.65200","-5.82340","-0.18762"
"102.70200","-5.80696","-0.19515"
"102.75200","-5.79028","-0.17807"
"102.80200","-5.77376","-0.18076"
"102.85200","-5.75678","-0.19200"
"102.90200","-5.74040","-0.17191"
"102.95200","-5.72372","-0.18476"
"103.00200","-5.70716","-0.15776"
"103.05200","-5.69015","-0.17035"
"103.10200","-5.67373","-0.15411"
"103.15200","-5.65682","-0.16131"
"103.20200","-5.64026","-0.16698"
"103.25200","-5.62345","-0.15683"
"103.30200","-5.60708","-0.17927"
"103.35200","-5.59023","-0.16148"
"103.40200","-5.57367","-0.17176"
"103.45200","-5.55695","-0.17328"
"103.50200","-5.54053","-0.16507"
"103.55200","-5.52366","-0.17752"
"103.60200","-5.50719","-0.17293"
"103.65200","-5.49033","-0.18300"
"103.70200","-5.47376","-0.18819"
"103.75200","-5.45680","-0.19124"
"103.80200","-5.44019","-0.19511"
"103.85200","-5.42363","-0.20546"
"103.90200","-5.40708","-0.19659"
"103.95200","-5.39024","-0.20586"
"104.00200","-5.37369","-0.19568"
"104.05200","-5.35708","-0.19704"
"104.10200","-5.34034","-0.18596"
"104.15200","-5.32348","-0.18438"
"104.20200","-5.30681","-0.18985"
"104.25200","-5.29031","-0.18975"
"104.30200","-5.27351","-0.18214"
"104.35200","-5.25693","-0.17956"
"104.40200","-5.24024","-0.17353"
"104.45200","-5.22378","-0.16573"
"104.50200","-5.20693","-0.17155"
"104.55200","-5.19030","-0.17436"
"104.60200","-5.17372","-0.17473"
"104.65200","-5.15707","-0.16372"
"104.70200","-5.14006","-0.16846"
"104.75200","-5.12360","-0.16566"
"104.80200","-5.10693","-0.16948"
"104.85200","-5.09040","-0.15955"
"104.90200","-5.07342","-0.16950"
"104.95200","-5.05700","-0.16262"
"105.00200","-5.04044","-0.16162"
"105.05200","-5.02384","-0.15996"
"105.10200","-5.00682","-0.17428"
"105.15200","-4.99042","-0.15891"
"105.20200","-4.97356","-0.17218"
"105.25200","-4.95689","-0.16771"
"105.30200","-4.94009","-0.16549"
"105.35200","-4.92376","-0.17358"
"105.40200","-4.90694","-0.16537"
"105.45200","-4.89030","-0.17882"
"105.50200","-4.87356","-0.16643"
"105.55200","-4.85720","-0.16373"
"105.60200","-4.84027","-0.16635"
"105.65200","-4.82362","-0.15874"
"105.70200","-4.80682","-0.17230"
"105.75200","-4.79037","-0.15491"
"105.80200","-4.77346","-0.16553"
"105.85200","-4.75683","-0.16909"
"105.90200","-4.74030","-0.15863"
"105.95200","-4.72377","-0.17041"
"106.00200","-4.70694","-0.16312"
"106.05200","-4.69027","-0.16812"
"106.10200","-4.67375","-0.16894"
"106.15200","-4.65705","-0.15535"
"106.20200","-4.64014","-0.17460"
"106.25200","-4.62342","-0.15859"
"106.30200","-4.60701","-0.16035"
"106.35200","-4.59024","-0.16466"
"106.40200","-4.57362","-0.15641"
"106.45200","-4.55691","-0.16522"
"106.50200","-4.54053","-0.14510"
"106.55200","-4.52362","-0.15635"
"106.60200","-4.50695","-0.14138"
"106.65200","-4.49029","-0.14776"
"106.70200","-4.47371","-0.14630"
"106.75200","-4.45675","-0.15309"
"106.80200","-4.44022","-0.15699"
"106.85200","-4.42354","-0.16511"
"106.90200","-4.40711","-0.15678"
"106.95200","-4.39015","-0.15829"
"107.00200","-4.37368","-0.14596"
"107.05200","-4.35710","-0.14595"
"107.10200","-4.34052","-0.14424"
"107.15200","-4.32344","-0.14929"
"107.20200","-4.30702","-0.14131"
"107.25200","-4.29026","-0.14010"
"107.30200","-4.27364","-0.14793"
"107.35200","-4.25676","-0.15692"
"107.40200","-4.24043","-0.14864"
"107.45200","-4.22365","-0.15961"
"107.50200","-4.20704","-0.15303"
"107.55200","-4.19020","-0.15748"
"107.60200","-4.17378","-0.15388"
"107.65200","-4.15696","-0.16012"
"107.70200","-4.14024","-0.14230"
"107.75200","-4.12342","-0.15283"
"107.80200","-4.10701","-0.14749"
"107.85200","-4.09019","-0.14454"
"107.90200","-4.07351","-0.15046"
"107.95200","-4.05692","-0.15578"
"108.00200","-4.04045","-0.15142"
"108.05200","-4.02365","-0.15109"
"108.10200","-4.00694","-0.16274"
"108.15200","-3.99041","-0.15093"
"108.20200","-3.97377","-0.14706"
"108.25200","-3.95683","-0.15167"
"108.30200","-3.94006","-0.13648"
"108.35200","-3.92366","-0.14657"
"108.40200","-3.90694","-0.14484"
"108.45200","-3.89026","-0.14734"
"108.50200","-3.87350","-0.14628"
"108.55200","-3.85717","-0.14516"
"108.60200","-3.84031","-0.14508"
"108.65200","-3.82364","-0.13859"
"108.70200","-3.80692","-0.14971"
"108.75200","-3.79044","-0.14842"
"108.80200","-3.77347","-0.15130"
"108.85200","-3.75692","-0.14752"
"108.90200","-3.74022","-0.13931"
"108.95200","-3.72383","-0.13750"
"109.00200","-3.70681","-0.13732"
"109.05200","-3.69031","-0.13568"
"109.10200","-3.67377","-0.13868"
"109.15200","-3.65720","-0.12776"
"109.20200","-3.64012","-0.13265"
"109.25200","-3.62363","-0.14126"
"109.30200","-3.60694","-0.14060"
"109.35200","-3.59033","-0.14272"
"109.40200","-3.57343","-0.13798"
"109.45200","-3.55699","-0.14761"
"109.50200","-3.54031","-0.13414"
"109.55200","-3.52373","-0.13705"
"109.60200","-3.50688","-0.14426"
"109.65200","-3.49042","-0.12868"
"109.70200","-3.47369","-0.13749"
"109.75200","-3.45699","-0.12743"
"109.80200","-3.44010","-0.13602"
"109.85200","-3.42362","-0.13648"
"109.90200","-3.40695","-0.13398"
"109.95200","-3.39019","-0.13873"
"110.00200","-3.37353","-0.12855"
"110.05200","-3.35711","-0.13256"
"110.10200","-3.34041","-0.12056"
"110.15200","-3.32364","-0.12926"
"110.20200","-3.30696","-0.13103"
"110.25200","-3.29036","-0.12791"
"110.30200","-3.27353","-0.12894"
"110.35200","-3.25676","-0.12924"
"110.40200","-3.24030","-0.12556"
"110.45200","-3.22361","-0.13210"
"110.50200","-3.20699","-0.12366"
"110.55200","-3.19018","-0.13172"
"110.60200","-3.17376","-0.12317"
"110.65200","-3.15702","-0.13449"
"110.70200","-3.14036","-0.13643"
"110.75200","-3.12359","-0.12618"
"110.80200","-3.10708","-0.12997"
"110.85200","-3.09015","-0.11510"
"110.90200","-3.07355","-0.11280"
"110.95200","-3.05681","-0.10777"
"111.00200","-3.04048","-0.09958"
"111.05200","-3.02353","-0.10808"
"111.10200","-3.00700","-0.10322"
"111.15200","-2.99035","-0.11218"
"111.20200","-2.97387","-0.10560"
"111.25200","-2.95683","-0.11291"
"111.30200","-2.94032","-0.10642"
"111.35200","-2.92354","-0.11102"
"111.40200","-2.90696","-0.09853"
"111.45200","-2.89009","-0.10037"
"111.50200","-2.87362","-0.09502"
"111.55200","-2.85699","-0.10275"
"111.60200","-2.84040","-0.08830"
"111.65200","-2.82358","-0.09763"
"111.70200","-2.80706","-0.08373"
"111.75200","-2.79036","-0.08596"
"111.80200","-2.77364","-0.08838"
"111.85200","-2.75676","-0.09148"
"111.90200","-2.74029","-0.09657"
"111.95200","-2.72362","-0.09175"
"112.00200","-2.70683","-0.09845"
"112.05200","-2.69020","-0.08735"
"112.10200","-2.67376","-0.09410"
"112.15200","-2.65708","-0.09267"
"112.20200","-2.64030","-0.09205"
"112.25200","-2.62362","-0.08784"
"112.30200","-2.60703","-0.08760"
"112.35200","-2.59021","-0.08136"
"112.40200","-2.57338","-0.09579"
"112.45200","-2.55694","-0.08364"
"112.50200","-2.54035","-0.09663"
"112.55200","-2.52369","-0.08811"
"112.60200","-2.50682","-0.08279"
"112.65200","-2.49042","-0.07906"
"112.70200","-2.47375","-0.08030"
"112.75200","-2.45706","-0.07604"
"112.80200","-2.44024","-0.07402"
"112.85200","-2.42374","-0.06583"
"112.90200","-2.40682","-0.06985"
"112.95200","-2.39023","-0.06115"
"113.00200","-2.37346","-0.06805"
"113.05200","-2.35716","-0.04693"
"113.10200","-2.34020","-0.06363"
"113.15200","-2.32361","-0.05398"
"113.20200","-2.30696","-0.06716"
"113.25200","-2.29053","-0.05400"
"113.30200","-2.27351","-0.06510"
"113.35200","-2.25691","-0.05627"
"113.40200","-2.24020","-0.05500"
"113.45200","-2.22373","-0.04596"
"113.50200","-2.20681","-0.04588"
"113.55200","-2.19034","-0.04193"
"113.60200","-2.17369","-0.05653"
"113.65200","-2.15709","-0.04608"
"113.70200","-2.14020","-0.05373"
"113.75200","-2.12367","-0.04208"
"113.80200","-2.10701","-0.04726"
"113.85200","-2.09033","-0.04789"
"113.90200","-2.07347","-0.04541"
"113.95200","-2.05689","-0.03960"
"114.00200","-2.04029","-0.03332"
"114.05200","-2.02353","-0.04074"
"114.10200","-2.00685","-0.03202"
"114.15200","-1.99038","-0.02664"
"114.20200","-1.97381","-0.03170"
"114.25200","-1.95695","-0.02995"
"114.30200","-1.94029","-0.03275"
"114.35200","-1.92371","-0.02958"
"114.40200","-1.90697","-0.02404"
"114.45200","-1.89011","-0.03328"
"114.50200","-1.87356","-0.01810"
"114.55200","-1.85698","-0.03256"
"114.60200","-1.84040","-0.00783"
"114.65200","-1.82350","-0.01123"
"114.70200","-1.80704","-0.00401"
"114.75200","-1.79042","0.00415"
"114.80200","-1.77367","0.00214"
"114.85200","-1.75682","0.00359"
"114.90200","-1.74028","0.00059"
"114.95200","-1.72357","-0.00112"
"115.00200","-1.70692","0.00434"
"115.05200","-1.69010","-0.00358"
"115.10200","-1.67380","0.01579"
"115.15200","-1.65691","0.00214"
"115.20200","-1.64030","0.01511"
"115.25200","-1.62364","0.01649"
"115.30200","-1.60723","0.02054"
"115.35200","-1.59025","0.01569"
"115.40200","-1.57356","0.02129"
"115.45200","-1.55679","0.01051"
"115.50200","-1.54038","0.02215"
"115.55200","-1.52345","0.00802"
"115.60200","-1.50689","0.02808"
"115.65200","-1.49028","0.01999"
"115.70200","-1.47383","0.03634"
"115.75200","-1.45688","0.02552"
"115.80200","-1.44029","0.03321"
"115.85200","-1.42368","0.03343"
"115.90200","-1.40707","0.01954"
"115.95200","-1.39009","0.02770"
"116.00200","-1.37347","0.01988"
"116.05200","-1.35700","0.02671"
"116.10200","-1.34028","0.03678"
"116.15200","-1.32357","0.03124"
"116.20200","-1.30700","0.02856"
"116.25200","-1.29049","0.03031"
"116.30200","-1.27364","0.03013"
"116.35200","-1.25690","0.02776"
"116.40200","-1.24029","0.02777"
"116.45200","-1.22368","0.04821"
"116.50200","-1.20677","0.03146"
"116.55200","-1.19020","0.04020"
"116.60200","-1.17365","0.03961"
"116.65200","-1.15714","0.02382"
"116.70200","-1.14016","0.03020"
"116.75200","-1.12368","0.03940"
"116.80200","-1.10713","0.03471"
"116.85200","-1.09042","0.03381"
"116.90200","-1.07346","0.03969"
"116.95200","-1.05696","0.04377"
"117.00200","-1.04032","0.03118"
"117.05200","-1.02368","0.04327"
"117.10200","-1.00676","0.03575"
"117.15200","-0.99042","0.03421"
"117.20200","-0.97367","0.03498"
"117.25200","-0.95700","0.03433"
"117.30200","-0.94025","0.03530"
"117.35200","-0.92385","0.03846"
"117.40200","-0.90695","0.03372"
"117.45200","-0.89025","0.04426"
"117.50200","-0.87346","0.03108"
"117.55200","-0.85705","0.04094"
"117.60200","-0.84022","0.03038"
"117.65200","-0.82356","0.03951"
"117.70200","-0.80691","0.02886"
"117.75200","-0.79049","0.03713"
"117.80200","-0.77359","0.04051"
"117.85200","-0.75693","0.03248"
"117.90200","-0.74036","0.02765"
"117.95200","-0.72381","0.04028"
"118.00200","-0.70680","0.02583"
"118.05200","-0.69011","0.03132"
"118.10200","-0.67363","0.02643"
"118.15200","-0.65694","0.03375"
"118.20200","-0.64016","0.02308"
"118.25200","-0.62358","0.03952"
"118.30200","-0.60716","0.03326"
"118.35200","-0.59033","0.03156"
"118.40200","-0.57357","0.02803"
"118.45200","-0.55692","0.02924"
"118.50200","-0.54035","0.03443"
"118.55200","-0.52343","0.02523"
"118.60200","-0.50687","0.04261"
"118.65200","-0.49028","0.02806"
"118.70200","-0.47382","0.03950"
"118.75200","-0.45679","0.02562"
"118.80200","-0.44034","0.04083"
"118.85200","-0.42377","0.03702"
"118.90200","-0.40714","0.03388"
"118.95200","-0.39020","0.03832"
"119.00200","-0.37358","0.03549"
"119.05200","-0.35694","0.02532"
"119.10200","-0.34034","0.03340"
"119.15200","-0.32341","0.03155"
"119.20200","-0.30702","0.03700"
"119.25200","-0.29037","0.03909"
"119.30200","-0.27369","0.03304"
"119.35200","-0.25686","0.04194"
"119.40200","-0.24045","0.03790"
"119.45200","-0.22365","0.04149"
"119.50200","-0.20696","0.02722"
"119.55200","-0.19016","0.01978"
"119.60200","-0.17374","0.03726"
"119.65200","-0.15694","0.02423"
"119.70200","-0.14027","0.03700"
"119.75200","-0.12354","0.03004"
"119.80200","-0.10714","0.03199"
"119.85200","-0.09032","0.02776"
"119.90200","-0.07364","0.03094"
"119.95200","-0.05694","0.03239"
"120.00200","-0.04044","0.03705"
"120.05200","-0.02350","0.03530"
"120.10200","-0.00675","0.03645"
"120.12300","0.00022","0.00383"
